policy_cd,record_cd,item_cd,year_susep,coverage_type,claim_vl,claim_deductible_vl,claim_expenses_vl,claim_notice_date,claim_liquidation_date,event_type,sinister_start_date,sinister_end_date
289596838,374116,788328,2021,110,5173.0,0.0,363.0,2021-06-18,2021-07-12,99,2021-06-13,2021-06-13
289596853,374134,788506,2021,110,45363.0,0.0,363.0,2021-03-17,2021-04-05,99,2021-03-06,2021-03-06
289597026,374344,798542,2021,110,363.0,0.0,363.0,2021-04-27,2021-05-03,99,2021-02-28,2021-02-28
289597136,374463,805837,2021,110,2613.0,250.0,363.0,2021-01-18,2021-04-14,99,2021-01-16,2021-01-16
289597140,374467,806607,2021,110,2613.0,250.0,363.0,2021-02-02,2021-06-04,99,2021-01-23,2021-01-23
289597142,374469,807295,2021,110,1533.0,130.0,363.0,2021-06-18,2021-07-05,99,2021-06-02,2021-06-02
289597442,374800,819274,2021,110,60363.0,0.0,363.0,2021-06-08,2021-06-25,11,2021-06-01,2021-06-01
289596853,374134,788527,2021,110,36363.0,0.0,363.0,2021-06-22,2021-07-07,99,2021-06-17,2021-06-17
289596875,374158,789247,2021,110,10263.0,0.0,363.0,2020-10-27,2021-01-04,99,2020-10-21,2020-10-21
289596950,374251,790642,2021,110,12363.0,0.0,363.0,2020-12-08,2021-02-18,99,2020-12-06,2020-12-06
289596951,374253,790658,2021,110,18183.0,0.0,363.0,2021-03-30,2021-04-16,99,2021-03-25,2021-03-25
289597026,374343,802073,2021,110,363.0,0.0,363.0,2021-04-13,2021-06-04,99,2021-04-06,2021-04-06
289597134,374461,805618,2021,110,5313.0,550.0,363.0,2021-05-07,2021-06-18,99,2021-04-28,2021-04-28
289597139,374466,806427,2021,110,5313.0,550.0,363.0,2021-05-07,2021-06-17,99,2021-04-30,2021-04-30
289597141,374468,806802,2021,110,5313.0,550.0,363.0,2021-02-05,2021-06-14,99,2021-02-01,2021-02-01
289596838,374116,788327,2021,110,5173.0,0.0,363.0,2021-06-18,2021-07-15,99,2021-06-01,2021-06-01
289596838,374116,788327,2021,110,4668.0,0.0,363.0,2021-07-15,2021-08-24,99,2021-06-30,2021-06-30
289596838,374116,788327,2021,110,5173.0,0.0,363.0,2021-07-02,2021-08-18,99,2021-06-16,2021-06-16
289596838,374116,788327,2021,110,5173.0,0.0,363.0,2021-05-07,2021-07-01,99,2021-04-29,2021-04-29
289596838,374116,788327,2021,110,5173.0,0.0,363.0,2021-05-28,2021-07-01,99,2021-05-23,2021-05-23
289596838,374115,788327,2021,110,5173.0,0.0,363.0,2021-02-22,2021-03-15,99,2021-02-15,2021-02-15
289596838,374115,788327,2021,110,5173.0,0.0,363.0,2021-01-18,2021-03-01,99,2021-01-11,2021-01-11
289596838,374115,788327,2021,110,363.0,0.0,363.0,2020-11-05,2020-12-23,99,2020-10-29,2020-10-29
289596838,374115,788327,2021,110,5173.0,0.0,363.0,2021-02-22,2021-03-15,99,2021-02-03,2021-02-03
289596838,374115,788327,2021,110,5173.0,0.0,363.0,2021-03-10,2021-04-01,99,2021-03-01,2021-03-01
289596838,374115,788327,2021,110,363.0,0.0,363.0,2020-11-26,2021-01-04,99,2020-11-20,2020-11-20
289596838,374115,788327,2021,110,5173.0,0.0,363.0,2021-02-05,2021-03-05,99,2021-02-01,2021-02-01
289596838,374115,788327,2021,110,5173.0,0.0,363.0,2020-12-15,2021-01-14,99,2020-12-08,2020-12-08
289596838,374115,788327,2021,110,5173.0,0.0,363.0,2021-03-12,2021-04-01,99,2021-03-04,2021-03-04
289596838,374115,788327,2021,110,5173.0,0.0,363.0,2021-02-22,2021-03-15,99,2021-02-15,2021-02-15
289596838,374115,788327,2021,110,5173.0,0.0,363.0,2021-01-26,2021-03-01,99,2021-01-21,2021-01-21
289596838,374115,788327,2021,110,5173.0,0.0,363.0,2021-01-14,2021-02-11,99,2020-12-28,2020-12-28
289596838,374115,788327,2021,110,5173.0,0.0,363.0,2021-01-26,2021-03-01,99,2021-01-15,2021-01-15
289596838,374115,788327,2021,110,5173.0,0.0,363.0,2020-12-03,2021-01-14,99,2020-11-24,2020-11-24
289596838,374115,788327,2021,110,363.0,0.0,363.0,2020-11-17,2020-12-23,99,2020-11-16,2020-11-16
289596838,374116,788327,2021,110,5173.0,0.0,363.0,2021-05-28,2021-07-01,99,2021-05-24,2021-05-24
289596838,374116,788327,2021,110,5173.0,0.0,363.0,2021-06-18,2021-07-12,99,2021-06-11,2021-06-11
289596838,374116,788327,2021,110,5173.0,0.0,363.0,2021-04-06,2021-04-26,99,2021-03-29,2021-03-29
289596838,374116,788327,2021,110,5173.0,0.0,363.0,2021-04-30,2021-06-17,99,2021-04-16,2021-04-16
289596954,374256,790670,2021,110,7113.0,750.0,363.0,2020-12-22,2021-01-19,99,2020-12-09,2020-12-09
289596954,374256,790674,2021,110,7113.0,750.0,363.0,2021-01-19,2021-02-24,99,2021-01-18,2021-01-18
289596989,374297,791968,2021,110,5385.8,0.0,363.0,2021-05-10,2021-07-16,99,2021-05-05,2021-05-05
289597359,374714,814664,2021,110,31863.0,0.0,363.0,2021-06-25,2021-07-08,99,2021-06-18,2021-06-18
289596443,373638,763165,2021,110,2613.0,250.0,363.0,2020-07-31,2020-09-25,99,2020-07-29,2020-07-29
289596443,373638,763166,2021,110,2613.0,250.0,363.0,2020-09-11,2020-12-28,99,2020-09-07,2020-09-07
289596444,373640,763303,2021,110,4863.0,500.0,363.0,2020-07-06,2020-09-25,99,2020-07-03,2020-07-03
289596474,373683,765229,2021,110,4638.0,0.0,363.0,2020-12-16,2021-01-19,99,2020-12-09,2020-12-09
289596576,373805,768199,2021,110,90363.0,0.0,363.0,2021-03-03,2021-04-14,99,2021-02-18,2021-02-18
289596578,373807,768292,2021,110,5763.0,600.0,363.0,2020-10-05,2020-10-29,99,2020-10-04,2020-10-04
289596588,373819,768322,2021,110,3063.0,300.0,363.0,2021-02-05,2021-03-01,99,2021-01-27,2021-01-27
289596588,373819,768358,2021,110,5763.0,600.0,363.0,2020-10-16,2020-11-09,99,2020-10-14,2020-10-14
289596633,373873,773130,2021,110,10563.0,0.0,363.0,2020-07-01,2020-07-23,99,2020-06-27,2020-06-27
289596684,373937,777209,2021,110,2050.5,187.5,363.0,2020-10-09,2020-11-23,99,2020-10-08,2020-10-08
289596684,373937,777218,2021,110,2050.5,187.5,363.0,2021-04-15,2021-05-11,99,2021-04-14,2021-04-14
289596684,373937,777391,2021,110,2050.5,187.5,363.0,2021-06-01,2021-06-28,99,2021-05-29,2021-05-29
289596684,373937,777441,2021,110,2050.5,187.5,363.0,2020-09-30,2020-10-26,99,2020-09-26,2020-09-26
289596686,373939,778918,2021,110,948.0,65.0,363.0,2021-01-21,2021-02-24,99,2021-01-20,2021-01-20
289596687,373940,779567,2021,110,2050.5,187.5,363.0,2020-09-16,2020-10-15,99,2020-09-09,2020-09-09
289596688,373941,780770,2021,110,2050.5,187.5,363.0,2021-06-18,2021-07-14,99,2021-06-15,2021-06-15
289596738,373998,782846,2021,110,363.0,0.0,363.0,2020-09-18,2020-11-03,99,2020-09-15,2020-09-15
289596254,373408,753304,2021,110,1938.0,175.0,363.0,2020-07-14,2020-08-12,99,2020-07-13,2020-07-13
289596438,373626,762052,2021,110,4863.0,500.0,363.0,2020-09-15,2021-01-04,99,2020-09-01,2020-09-01
289596440,373631,762452,2021,110,2613.0,250.0,363.0,2020-08-26,2020-12-18,11,2020-08-14,2020-08-14
289596588,373819,768320,2021,110,363.0,0.0,363.0,2020-08-03,2020-09-03,11,2020-08-01,2020-08-01
289596617,373855,768760,2021,110,27363.0,0.0,363.0,2020-10-29,2021-01-21,17,2020-10-27,2020-10-27
289596686,373939,778444,2021,110,948.0,65.0,363.0,2021-01-21,2021-02-24,11,2021-01-19,2021-01-19
289596686,373939,778530,2021,110,948.0,65.0,363.0,2021-06-17,2021-07-14,99,2021-06-12,2021-06-12
289596686,373939,779335,2021,110,2050.5,187.5,363.0,2021-03-02,2021-04-01,99,2021-02-19,2021-02-19
289596688,373941,780342,2021,110,2050.5,187.5,363.0,2020-12-08,2021-01-04,99,2020-12-03,2020-12-03
289596738,373998,783159,2021,110,12363.0,0.0,363.0,2020-09-18,2020-10-08,99,2020-09-11,2020-09-11
289596706,373959,781351,2021,110,363.0,0.0,363.0,2020-08-26,2020-10-01,17,2020-08-23,2020-08-23
289596954,374256,790683,2021,110,7113.0,750.0,363.0,2021-04-06,2021-04-26,99,2021-04-03,2021-04-03
289596964,374268,790784,2021,110,17363.0,0.0,363.0,2020-12-30,2021-02-11,99,2020-12-21,2020-12-21
289596969,374275,790865,2021,110,13188.0,675.0,363.0,2020-11-26,2020-12-17,99,2020-11-23,2020-11-23
289596978,374285,791398,2021,110,16863.0,0.0,363.0,2020-11-10,2020-12-04,99,2020-11-02,2020-11-02
289597134,374461,805541,2021,110,5313.0,550.0,363.0,2021-05-26,2021-06-24,99,2021-05-20,2021-05-20
289597139,374466,806416,2021,110,5313.0,550.0,363.0,2021-02-11,2021-06-04,99,2021-02-10,2021-02-10
289597224,374563,809914,2021,110,363.0,0.0,363.0,2021-03-08,2021-04-01,20,2021-03-07,2021-03-07
289597337,374689,813670,2021,110,12675.0,0.0,363.0,2021-05-20,2021-06-14,99,2021-05-15,2021-05-15
296570855,8490161,11330098,2021,110,7500.0,0.0,0.0,2021-09-20,,99,2021-06-20,2021-06-20
296570855,8490161,11330098,2021,110,1000.0,0.0,0.0,2021-06-16,,99,2021-06-06,2021-06-06
296570855,8490161,11330098,2021,110,1000.0,0.0,0.0,2021-06-16,,99,2021-06-06,2021-06-06
296570855,8490161,11330098,2021,110,1000.0,0.0,0.0,2021-06-16,,99,2021-06-06,2021-06-06
296570855,8490161,11330098,2021,110,1000.0,0.0,0.0,2021-06-16,,99,2021-06-06,2021-06-06
293256145,5016386,7867310,2021,110,885.92,0.0,0.0,2020-11-11,2020-12-08,99,2020-10-13,2020-10-13
293256145,5016386,7867310,2021,110,885.92,0.0,0.0,2020-11-11,2020-12-08,99,2020-10-14,2020-10-14
293256145,5016386,7867310,2021,110,885.92,0.0,0.0,2020-11-11,2020-12-08,99,2020-10-15,2020-10-15
293256145,5016386,7867310,2021,110,885.92,0.0,0.0,2020-10-27,2020-11-05,99,2020-09-27,2020-09-27
289596698,373951,780876,2021,110,229863.0,2550.0,363.0,2020-11-04,2020-12-11,99,2020-10-31,2020-10-31
289596706,373959,781352,2021,110,363.0,0.0,363.0,2020-08-26,2020-10-01,17,2020-08-23,2020-08-23
289596731,373991,781792,2021,110,18363.0,0.0,363.0,2020-08-27,2020-09-28,99,2020-08-18,2020-08-18
289596441,373633,762657,2021,110,4863.0,500.0,363.0,2020-08-19,2020-11-09,99,2020-08-19,2020-08-19
289596444,373640,763299,2021,110,4863.0,500.0,363.0,2020-10-15,2021-01-12,99,2020-10-13,2020-10-13
289596446,373645,763631,2021,110,4863.0,500.0,363.0,2020-08-26,2020-11-26,11,2020-08-24,2020-08-24
289596486,373699,765499,2021,110,16563.0,0.0,363.0,2020-12-18,2021-01-20,99,2020-12-15,2020-12-15
289596684,373937,777220,2021,110,2050.5,187.5,363.0,2020-09-30,2020-10-26,99,2020-09-03,2020-09-03
289596686,373939,778504,2021,110,948.0,65.0,363.0,2021-01-21,2021-02-24,11,2021-01-19,2021-01-19
289596736,373996,782292,2021,110,13263.0,0.0,363.0,2020-09-01,2020-10-01,99,2020-08-31,2020-08-31
293256132,5016373,7867297,2021,110,1350.0,0.0,0.0,2020-10-27,2020-11-06,99,2020-09-30,2020-09-30
293256132,5016373,7867297,2021,110,1350.0,0.0,0.0,2020-11-05,2020-12-02,99,2020-10-02,2020-10-02
293256132,5016373,7867297,2021,110,1350.0,0.0,0.0,2020-11-05,2020-12-03,99,2020-10-04,2020-10-04
293256132,5016373,7867297,2021,110,1350.0,0.0,0.0,2020-08-26,2020-09-15,99,2020-08-25,2020-08-25
293256132,5016373,7867297,2021,110,1800.0,0.0,0.0,2020-10-15,2020-10-23,99,2020-09-14,2020-09-14
293256151,5016392,7867316,2021,110,2022.19,0.0,0.0,2020-11-05,2020-12-02,99,2020-10-04,2020-10-04
293256151,5016392,7867316,2021,110,2022.19,0.0,0.0,2020-11-05,2020-12-03,99,2020-10-08,2020-10-08
293256151,5016392,7867316,2021,110,2022.19,0.0,0.0,2020-11-05,2020-12-02,99,2020-10-02,2020-10-02
293256151,5016392,7867316,2021,110,2022.19,0.0,0.0,2020-11-05,2020-12-02,99,2020-10-02,2020-10-02
293256151,5016392,7867316,2021,110,2022.19,0.0,0.0,2020-08-05,2020-08-31,99,2020-08-02,2020-08-02
293256151,5016392,7867316,2021,110,2022.19,0.0,0.0,2020-08-12,2020-09-01,99,2020-08-06,2020-08-06
293256151,5016392,7867316,2021,110,2022.19,0.0,0.0,2020-11-05,2020-12-02,99,2020-10-03,2020-10-03
293256151,5016392,7867316,2021,110,2022.19,0.0,0.0,2020-11-05,2020-12-02,99,2020-10-03,2020-10-03
293256151,5016392,7867316,2021,110,1800.0,0.0,0.0,2020-10-27,2020-11-05,99,2020-09-25,2020-09-25
293256151,5016392,7867316,2021,110,2022.19,0.0,0.0,2020-10-27,2020-11-06,99,2020-09-30,2020-09-30
293256151,5016392,7867316,2021,110,2022.19,0.0,0.0,2020-11-05,2020-12-03,99,2020-10-09,2020-10-09
293256151,5016392,7867316,2021,110,2022.19,0.0,0.0,2020-11-05,2020-12-02,99,2020-10-01,2020-10-01
293256151,5016392,7867316,2021,110,2022.19,0.0,0.0,2020-11-05,2020-12-02,99,2020-10-01,2020-10-01
293256151,5016392,7867316,2021,110,2022.19,0.0,0.0,2020-11-05,2020-12-03,99,2020-10-02,2020-10-02
293256151,5016392,7867316,2021,110,2022.19,0.0,0.0,2020-09-25,2020-10-14,99,2020-09-08,2020-09-08
293256151,5016392,7867316,2021,110,2022.19,0.0,0.0,2020-10-15,2020-10-22,99,2020-09-12,2020-09-12
293256151,5016392,7867316,2021,110,2022.19,0.0,0.0,2020-11-05,2020-12-02,99,2020-10-02,2020-10-02
293256151,5016392,7867316,2021,110,2022.19,0.0,0.0,2020-10-22,2020-10-30,99,2020-09-22,2020-09-22
293256151,5016392,7867316,2021,110,2022.19,0.0,0.0,2020-10-22,2020-10-30,99,2020-09-23,2020-09-23
293256151,5016392,7867316,2021,110,2022.19,0.0,0.0,2020-10-27,2020-11-05,99,2020-09-25,2020-09-25
293256151,5016392,7867316,2021,110,2022.19,0.0,0.0,2020-09-10,2020-09-15,99,2020-09-05,2020-09-05
293256151,5016392,7867316,2021,110,2022.19,0.0,0.0,2020-09-10,2020-09-15,99,2020-09-05,2020-09-05
293256151,5016392,7867316,2021,110,2022.19,0.0,0.0,2020-11-05,2020-12-02,99,2020-10-01,2020-10-01
293256151,5016392,7867316,2021,110,2022.19,0.0,0.0,2020-09-10,2020-09-15,99,2020-09-06,2020-09-06
293256151,5016392,7867316,2021,110,2022.19,0.0,0.0,2020-09-25,2020-10-14,99,2020-09-08,2020-09-08
293256151,5016392,7867316,2021,110,2022.19,0.0,0.0,2020-09-25,2020-10-16,99,2020-09-08,2020-09-08
293256151,5016392,7867316,2021,110,2022.19,0.0,0.0,2020-08-05,2020-08-28,99,2020-07-31,2020-07-31
293256151,5016392,7867316,2021,110,2022.19,0.0,0.0,2020-09-10,2020-09-15,99,2020-09-06,2020-09-06
293256151,5016392,7867316,2021,110,2022.19,0.0,0.0,2020-10-15,2020-10-23,99,2020-09-17,2020-09-17
293256151,5016392,7867316,2021,110,1137.48,0.0,0.0,2020-08-19,2020-09-11,99,2020-08-14,2020-08-14
293256151,5016392,7867316,2021,110,2022.19,0.0,0.0,2020-09-03,2020-09-14,99,2020-08-26,2020-08-26
293256151,5016392,7867316,2021,110,2022.19,0.0,0.0,2020-09-10,2020-09-15,99,2020-09-02,2020-09-02
293256151,5016392,7867316,2021,110,2022.19,0.0,0.0,2020-07-14,2020-08-26,99,2020-07-11,2020-07-11
293256151,5016392,7867316,2021,110,2022.19,0.0,0.0,2020-08-05,2020-09-11,99,2020-07-30,2020-07-30
293256156,5016397,7867321,2021,110,1758.81,0.0,0.0,2020-07-09,2020-07-24,99,2020-05-29,2020-05-29
293256156,5016397,7867321,2021,110,2022.19,0.0,0.0,2020-07-10,2020-07-29,99,2020-06-18,2020-06-18
293256156,5016397,7867321,2021,110,1758.81,0.0,0.0,2020-07-10,2020-07-30,99,2020-06-27,2020-06-27
293256156,5016397,7867321,2021,110,1758.81,0.0,0.0,2020-07-29,2020-08-26,99,2020-07-27,2020-07-27
293256156,5016397,7867321,2021,110,1758.81,0.0,0.0,2020-09-25,2020-10-16,99,2020-09-11,2020-09-11
293256156,5016397,7867321,2021,110,1758.81,0.0,0.0,2020-07-08,2020-07-20,99,2020-03-05,2020-03-05
293256156,5016397,7867321,2021,110,1758.81,0.0,0.0,2020-07-08,2020-07-22,99,2020-03-16,2020-03-16
289596943,374243,790311,2021,110,15963.0,0.0,363.0,2020-11-27,2021-01-22,99,2020-11-20,2020-11-20
289596954,374256,790666,2021,110,363.0,0.0,363.0,2020-12-08,2021-01-04,99,2020-11-27,2020-11-27
289596954,374256,790668,2021,110,7113.0,750.0,363.0,2021-06-29,2021-07-21,99,2021-06-26,2021-06-26
289596982,374290,791575,2021,110,80363.0,0.0,363.0,2021-05-26,2021-07-16,99,2021-05-20,2021-05-20
289597026,374343,801741,2021,110,363.0,0.0,363.0,2021-03-23,2021-04-05,99,2021-01-22,2021-01-22
289597057,374378,803877,2021,110,12963.0,0.0,363.0,2020-12-08,2020-12-29,99,2020-11-27,2020-11-27
289597141,374468,806886,2021,110,5313.0,550.0,363.0,2021-03-09,2021-06-04,11,2021-02-26,2021-02-26
289597142,374469,807024,2021,110,1533.0,130.0,363.0,2021-01-12,2021-04-14,99,2021-01-07,2021-01-07
289597143,374470,807543,2021,110,5313.0,550.0,363.0,2021-05-26,2021-06-24,99,2021-05-25,2021-05-25
289596264,373420,755878,2021,110,894.0,59.0,363.0,2020-07-06,2020-08-11,11,2020-07-05,2020-07-05
289596439,373629,762149,2021,110,2613.0,250.0,363.0,2020-11-27,2021-01-19,99,2020-11-25,2020-11-25
289596450,373655,764314,2021,110,1713.0,150.0,363.0,2020-09-29,2021-01-18,99,2020-09-24,2020-09-24
289596483,373694,765401,2021,110,85863.0,4500.0,363.0,2020-07-30,2020-08-17,99,2020-07-29,2020-07-29
289596486,373699,765497,2021,110,45363.0,0.0,363.0,2021-02-10,2021-03-02,99,2021-02-04,2021-02-04
289596505,373723,766133,2021,110,4863.0,500.0,363.0,2020-10-05,2020-10-29,99,2020-10-04,2020-10-04
289596540,373761,766759,2021,110,363.0,0.0,363.0,2021-02-02,2021-02-24,99,2021-01-19,2021-01-19
289596588,373819,768359,2021,110,5763.0,600.0,363.0,2021-03-08,2021-04-01,99,2021-02-22,2021-02-22
289596588,373819,768382,2021,110,5763.0,600.0,363.0,2020-12-28,2021-02-18,99,2020-12-24,2020-12-24
289596617,373855,768762,2021,110,93363.0,0.0,363.0,2021-05-11,2021-07-05,99,2021-05-09,2021-05-09
289596684,373937,777319,2021,110,2050.5,187.5,363.0,2021-03-09,2021-03-23,11,2021-02-25,2021-02-25
289596686,373939,778585,2021,110,948.0,65.0,363.0,2021-04-13,2021-05-11,99,2021-04-13,2021-04-13
289596686,373939,778965,2021,110,948.0,65.0,363.0,2020-08-19,2020-09-22,11,2020-08-18,2020-08-18
289596688,373941,780256,2021,110,2050.5,187.5,363.0,2020-07-29,2020-08-25,11,2020-07-28,2020-07-28
293256156,5016397,7867321,2021,110,1758.81,0.0,0.0,2020-07-08,2020-07-22,99,2020-03-18,2020-03-18
293256156,5016397,7867321,2021,110,1758.81,0.0,0.0,2020-07-08,2020-07-23,99,2020-03-22,2020-03-22
293256156,5016397,7867321,2021,110,1758.81,0.0,0.0,2020-07-09,2020-07-23,99,2020-04-03,2020-04-03
294367160,6172678,9032472,2021,110,2700.0,0.0,0.0,2020-11-01,2020-12-02,99,2020-11-01,2020-11-01
294367160,6172678,9032472,2021,110,2700.0,0.0,0.0,2020-11-01,2020-12-02,99,2020-11-01,2020-11-01
294367160,6172678,9032472,2021,110,2700.0,0.0,0.0,2020-11-01,2020-12-02,99,2020-11-01,2020-11-01
294367160,6172678,9032472,2021,110,2700.0,0.0,0.0,2020-11-01,2020-12-02,99,2020-11-01,2020-11-01
294367160,6172678,9032472,2021,110,2700.0,0.0,0.0,2020-11-01,2020-12-02,99,2020-11-01,2020-11-01
294366049,6171551,9031361,2021,110,2700.0,0.0,0.0,2020-09-23,2020-10-05,99,2020-08-03,2020-08-03
296011386,7895465,10759383,2021,110,2520.0,0.0,0.0,2020-07-28,2020-08-10,99,2020-07-22,2020-07-22
296011439,7895533,10759436,2021,110,1800.0,0.0,0.0,2020-09-01,2020-09-30,99,2020-08-25,2020-08-25
296011491,7895605,10759488,2021,110,6300.0,0.0,0.0,2020-07-24,2020-08-10,99,2020-07-15,2020-07-15
296011491,7895605,10759488,2021,110,6300.0,0.0,0.0,2020-07-30,2020-08-24,99,2020-07-18,2020-07-18
296011491,7895605,10759488,2021,110,6300.0,0.0,0.0,2021-01-14,2021-02-03,99,2020-12-28,2020-12-28
296011491,7895605,10759488,2021,110,6300.0,0.0,0.0,2021-02-02,2021-02-09,99,2021-01-16,2021-01-16
296011491,7895605,10759488,2021,110,6300.0,0.0,0.0,2020-07-09,2020-07-14,99,2020-06-24,2020-06-24
296011491,7895605,10759488,2021,110,6300.0,0.0,0.0,2020-07-20,2020-09-11,99,2020-06-18,2020-06-18
296011491,7895605,10759488,2021,110,6300.0,0.0,0.0,2020-07-20,2020-07-31,99,2020-07-08,2020-07-08
296011641,7895758,10759638,2021,110,1800.0,0.0,0.0,2021-07-08,2021-09-24,99,2021-06-25,2021-06-25
296011641,7895758,10759638,2021,110,1800.0,0.0,0.0,2021-06-01,2021-06-18,99,2021-05-28,2021-05-28
294366162,6171667,9031474,2021,110,3600.0,0.0,0.0,2020-07-20,2020-07-28,99,2019-11-29,2019-11-29
296011641,7895758,10759638,2021,110,1800.0,0.0,0.0,2021-06-08,2021-08-13,99,2021-06-01,2021-06-01
296011641,7895758,10759638,2021,110,1800.0,0.0,0.0,2021-06-08,2021-06-15,99,2021-06-01,2021-06-01
296011641,7895758,10759638,2021,110,2000.0,0.0,0.0,2021-07-06,,99,2021-06-28,2021-06-28
293901938,5702895,8563993,2021,110,3600.0,0.0,0.0,2021-05-21,2021-06-21,99,2021-05-19,2021-05-19
293901938,5702895,8563993,2021,110,3600.0,0.0,0.0,2021-07-20,2021-08-06,99,2021-04-10,2021-04-10
293901938,5702895,8563993,2021,110,3600.0,0.0,0.0,2021-07-20,2021-08-06,99,2021-04-11,2021-04-11
293901938,5702895,8563993,2021,110,3600.0,0.0,0.0,2021-07-20,2021-08-06,99,2021-04-11,2021-04-11
293901938,5702895,8563993,2021,110,3600.0,0.0,0.0,2020-12-24,2021-01-29,99,2020-12-21,2020-12-21
293901938,5702895,8563993,2021,110,3600.0,0.0,0.0,2020-12-24,2021-01-29,99,2020-12-22,2020-12-22
293901938,5702895,8563993,2021,110,3600.0,0.0,0.0,2021-05-13,2021-05-20,99,2021-04-10,2021-04-10
293901938,5702895,8563993,2021,110,3600.0,0.0,0.0,2021-05-13,2021-05-20,99,2021-04-11,2021-04-11
293901938,5702895,8563993,2021,110,3600.0,0.0,0.0,2021-05-13,2021-05-20,99,2021-04-11,2021-04-11
293901938,5702895,8563993,2021,110,3600.0,0.0,0.0,2021-05-21,2021-08-06,99,2021-05-18,2021-05-18
293256146,5016387,7867311,2021,110,1137.48,0.0,0.0,2020-07-09,2020-07-24,99,2020-04-19,2020-04-19
293256146,5016387,7867311,2021,110,1137.48,0.0,0.0,2020-07-09,2020-07-24,99,2020-04-22,2020-04-22
293256146,5016387,7867311,2021,110,1137.48,0.0,0.0,2020-11-19,2020-12-14,99,2020-11-17,2020-11-17
293256146,5016387,7867311,2021,110,1137.48,0.0,0.0,2020-07-10,2020-07-30,99,2020-06-26,2020-06-26
293256146,5016387,7867311,2021,110,1137.48,0.0,0.0,2020-11-12,2020-12-09,99,2020-10-30,2020-10-30
293256146,5016387,7867311,2021,110,1137.48,0.0,0.0,2020-11-19,2020-12-14,99,2020-11-08,2020-11-08
293256146,5016387,7867311,2021,110,1137.48,0.0,0.0,2020-07-08,2020-07-21,99,2020-03-13,2020-03-13
293256146,5016387,7867311,2021,110,1137.48,0.0,0.0,2020-07-08,2020-07-22,99,2020-03-14,2020-03-14
293256146,5016387,7867311,2021,110,1137.48,0.0,0.0,2020-07-08,2020-07-23,99,2020-03-27,2020-03-27
293256146,5016387,7867311,2021,110,1137.48,0.0,0.0,2020-07-09,2020-07-27,99,2020-05-31,2020-05-31
293256146,5016387,7867311,2021,110,1137.48,0.0,0.0,2020-07-10,2020-07-27,99,2020-06-04,2020-06-04
293256146,5016387,7867311,2021,110,1137.48,0.0,0.0,2020-07-10,2020-07-29,99,2020-06-16,2020-06-16
293256146,5016387,7867311,2021,110,1137.48,0.0,0.0,2020-11-19,2020-12-14,99,2020-11-17,2020-11-17
293256146,5016387,7867311,2021,110,1137.48,0.0,0.0,2020-07-10,2020-07-29,99,2020-06-19,2020-06-19
293256146,5016387,7867311,2021,110,1137.48,0.0,0.0,2020-07-10,2020-07-30,99,2020-06-24,2020-06-24
293256146,5016387,7867311,2021,110,1137.48,0.0,0.0,2020-07-08,2020-07-21,99,2020-03-12,2020-03-12
293256146,5016387,7867311,2021,110,1137.48,0.0,0.0,2020-07-10,2020-07-28,99,2020-06-16,2020-06-16
293256146,5016387,7867311,2021,110,1137.48,0.0,0.0,2020-11-19,2020-12-09,99,2020-11-11,2020-11-11
293256146,5016387,7867311,2021,110,1137.48,0.0,0.0,2020-07-09,2020-07-24,99,2020-05-01,2020-05-01
293256146,5016387,7867311,2021,110,1137.48,0.0,0.0,2020-07-09,2020-07-24,99,2020-05-28,2020-05-28
294365911,6171412,9031223,2021,110,1800.0,0.0,0.0,2020-07-22,2020-08-11,99,2020-06-07,2020-06-07
294366536,6172045,9031848,2021,110,2700.0,0.0,0.0,2020-09-23,2020-10-05,99,2020-09-14,2020-09-14
294366557,6172066,9031869,2021,110,2250.0,0.0,0.0,2020-08-13,2020-08-20,99,2020-07-25,2020-07-25
294366704,6172213,9032016,2021,110,2700.0,0.0,0.0,2020-07-23,2020-08-18,99,2020-03-21,2020-03-21
294366704,6172213,9032016,2021,110,2700.0,0.0,0.0,2020-07-23,2020-08-18,99,2020-03-23,2020-03-23
294366704,6172213,9032016,2021,110,2700.0,0.0,0.0,2021-08-16,2021-09-24,99,2020-09-18,2020-09-18
294366704,6172213,9032016,2021,110,2700.0,0.0,0.0,2021-08-16,2021-09-24,99,2020-09-19,2020-09-19
294366704,6172213,9032016,2021,110,2700.0,0.0,0.0,2021-08-16,2021-09-24,99,2020-09-20,2020-09-20
294366852,6172362,9032164,2021,110,2250.0,0.0,0.0,2020-08-20,2020-08-26,99,2020-07-20,2020-07-20
294366852,6172362,9032164,2021,110,2250.0,0.0,0.0,2020-08-20,2020-08-26,99,2020-07-22,2020-07-22
294367067,6172583,9032379,2021,110,1800.0,0.0,0.0,2021-07-20,2021-08-06,99,2021-05-12,2021-05-12
293054724,4802949,7660614,2021,110,4500.0,0.0,0.0,2020-10-23,2020-11-27,99,2020-10-23,2020-10-23
293813512,5608884,8457514,2021,110,12600.0,0.0,0.0,2021-01-29,2021-03-15,99,2021-01-28,2021-01-28
296011454,7895556,10759451,2021,110,4500.9,0.0,0.0,2020-09-11,2020-10-06,99,2020-09-04,2020-09-04
296011489,7895603,10759486,2021,110,2700.0,0.0,0.0,2020-07-07,2020-07-14,99,2020-06-28,2020-06-28
296011489,7895603,10759486,2021,110,2700.0,0.0,0.0,2021-02-12,2021-02-12,99,2021-01-28,2021-01-28
296011489,7895603,10759486,2021,110,2700.0,0.0,0.0,2021-03-08,2021-04-22,99,2021-02-06,2021-02-06
296011489,7895603,10759486,2021,110,2700.0,0.0,0.0,2021-03-09,2021-03-25,99,2021-02-15,2021-02-15
296011489,7895603,10759486,2021,110,2700.0,0.0,0.0,2021-03-15,2021-03-15,99,2021-02-03,2021-02-03
296011489,7895603,10759486,2021,110,2700.0,0.0,0.0,2021-03-25,2021-03-25,99,2021-02-01,2021-02-01
296011494,7895608,10759491,2021,110,6300.0,0.0,0.0,2021-01-05,2021-01-22,99,2020-09-25,2020-09-25
296011494,7895608,10759491,2021,110,6300.0,0.0,0.0,2021-02-02,2021-08-10,99,2021-01-19,2021-01-19
296011494,7895608,10759491,2021,110,6300.0,0.0,0.0,2021-04-22,2021-04-22,99,2021-03-07,2021-03-07
296011494,7895608,10759491,2021,110,6300.0,0.0,0.0,2020-07-15,2020-07-31,99,2020-06-23,2020-06-23
296011516,7895630,10759513,2021,110,1800.9,0.0,0.0,2021-05-10,2021-09-06,99,2021-04-27,2021-04-27
293246561,5006130,7857449,2021,110,4500.0,0.0,0.0,2021-03-30,2021-05-26,99,2021-03-26,2021-03-26
293246561,5006130,7857449,2021,110,4500.0,0.0,0.0,2021-04-01,2021-04-23,99,2021-03-30,2021-03-30
293246561,5006130,7857449,2021,110,4500.0,0.0,0.0,2021-04-12,2021-05-11,99,2021-04-09,2021-04-09
293246561,5006130,7857449,2021,110,4500.0,0.0,0.0,2021-04-28,2021-05-11,99,2021-04-13,2021-04-13
293246561,5006130,7857449,2021,110,4500.0,0.0,0.0,2021-05-26,2021-06-02,99,2021-05-25,2021-05-25
293246561,5006130,7857449,2021,110,4500.0,0.0,0.0,2021-06-04,2021-06-17,99,2021-06-02,2021-06-02
293246561,5006130,7857449,2021,110,4500.0,0.0,0.0,2021-06-09,2021-06-17,99,2021-06-08,2021-06-08
293256134,5016375,7867299,2021,110,1350.0,0.0,0.0,2020-07-14,2020-09-11,99,2020-07-12,2020-07-12
296011417,7895511,10759414,2021,110,1800.0,0.0,0.0,2021-02-03,2021-02-26,99,2021-01-15,2021-01-15
294366353,6171859,9031665,2021,110,2700.0,0.0,0.0,2020-07-22,2020-07-31,99,2020-06-11,2020-06-11
294366353,6171859,9031665,2021,110,2700.0,0.0,0.0,2020-08-27,2020-09-11,99,2020-08-05,2020-08-05
296011495,7895609,10759492,2021,110,6300.0,0.0,0.0,2021-04-27,2021-05-11,99,2021-04-12,2021-04-12
296011505,7895619,10759502,2021,110,2700.0,0.0,0.0,2021-01-14,2021-02-03,99,2020-12-27,2020-12-27
296011513,7895627,10759510,2021,110,450.0,0.0,0.0,2021-01-14,2021-02-25,99,2021-01-10,2021-01-10
296011421,7895515,10759418,2021,110,2700.0,0.0,0.0,2021-03-23,2021-04-01,99,2021-03-06,2021-03-06
296011421,7895515,10759418,2021,110,2700.0,0.0,0.0,2021-04-06,2021-04-22,99,2021-03-28,2021-03-28
296011430,7895524,10759427,2021,110,6300.0,0.0,0.0,2021-02-02,2021-02-12,99,2021-01-23,2021-01-23
296011453,7895555,10759450,2021,110,4500.9,0.0,0.0,2020-07-10,2020-07-27,99,2020-06-12,2020-06-12
296011453,7895555,10759450,2021,110,4500.9,0.0,0.0,2020-09-01,2020-09-16,99,2020-08-22,2020-08-22
296011453,7895555,10759450,2021,110,4500.9,0.0,0.0,2020-09-01,2020-09-16,99,2020-08-22,2020-08-22
296011453,7895555,10759450,2021,110,4500.9,0.0,0.0,2021-06-07,2021-06-18,99,2021-04-05,2021-04-05
296011497,7895611,10759494,2021,110,6300.0,0.0,0.0,2021-03-09,2021-03-25,99,2021-02-18,2021-02-18
296011545,7895659,10759542,2021,110,6300.0,0.0,0.0,2021-03-10,2021-03-24,99,2021-03-01,2021-03-01
296011545,7895659,10759542,2021,110,6300.0,0.0,0.0,2021-05-24,2021-06-07,99,2021-05-16,2021-05-16
296011559,7895676,10759556,2021,110,4500.9,0.0,0.0,2021-04-26,2021-05-11,99,2021-04-14,2021-04-14
296011670,7895787,10759667,2021,110,6300.0,0.0,0.0,2021-06-10,2021-08-09,99,2021-06-03,2021-06-03
293256133,5016374,7867298,2021,110,1800.0,0.0,0.0,2020-07-08,2020-07-20,99,2020-03-06,2020-03-06
293256133,5016374,7867298,2021,110,1800.0,0.0,0.0,2020-11-19,2020-12-09,99,2020-11-07,2020-11-07
293256133,5016374,7867298,2021,110,1800.0,0.0,0.0,2020-11-19,2020-12-14,99,2020-11-07,2020-11-07
293256133,5016374,7867298,2021,110,1800.0,0.0,0.0,2020-11-21,2020-12-14,99,2020-11-19,2020-11-19
293256133,5016374,7867298,2021,110,1800.0,0.0,0.0,2020-11-05,2020-12-03,99,2020-10-08,2020-10-08
293256133,5016374,7867298,2021,110,1800.0,0.0,0.0,2020-11-11,2020-12-08,99,2020-10-13,2020-10-13
293256133,5016374,7867298,2021,110,1800.0,0.0,0.0,2020-11-11,2020-12-08,99,2020-10-22,2020-10-22
293256133,5016374,7867298,2021,110,1800.0,0.0,0.0,2020-11-12,2020-12-09,99,2020-10-22,2020-10-22
293256133,5016374,7867298,2021,110,1800.0,0.0,0.0,2020-11-12,2020-12-08,99,2020-10-22,2020-10-22
293256133,5016374,7867298,2021,110,1800.0,0.0,0.0,2020-10-22,2020-11-04,99,2020-09-24,2020-09-24
293256133,5016374,7867298,2021,110,1800.0,0.0,0.0,2020-10-22,2020-11-04,99,2020-09-24,2020-09-24
293256133,5016374,7867298,2021,110,1800.0,0.0,0.0,2020-11-12,2020-12-09,99,2020-10-28,2020-10-28
293256133,5016374,7867298,2021,110,1800.0,0.0,0.0,2020-10-27,2020-11-05,99,2020-09-25,2020-09-25
293256133,5016374,7867298,2021,110,1800.0,0.0,0.0,2020-10-27,2020-11-04,99,2020-09-25,2020-09-25
293256133,5016374,7867298,2021,110,1800.0,0.0,0.0,2020-11-05,2020-12-03,99,2020-10-05,2020-10-05
293256133,5016374,7867298,2021,110,1800.0,0.0,0.0,2020-10-15,2020-10-23,99,2020-09-16,2020-09-16
293256133,5016374,7867298,2021,110,1800.0,0.0,0.0,2020-10-15,2020-12-15,99,2020-09-19,2020-09-19
293256133,5016374,7867298,2021,110,1800.0,0.0,0.0,2020-11-11,2020-12-08,99,2020-10-21,2020-10-21
293256133,5016374,7867298,2021,110,1800.0,0.0,0.0,2020-10-22,2020-10-30,99,2020-09-22,2020-09-22
293256133,5016374,7867298,2021,110,1800.0,0.0,0.0,2020-10-22,2020-10-30,99,2020-09-22,2020-09-22
293256133,5016374,7867298,2021,110,1800.0,0.0,0.0,2020-10-22,2020-11-04,99,2020-09-23,2020-09-23
293256133,5016374,7867298,2021,110,1800.0,0.0,0.0,2020-09-25,2020-10-16,99,2020-09-11,2020-09-11
293256133,5016374,7867298,2021,110,1800.0,0.0,0.0,2020-09-25,2020-10-16,99,2020-09-11,2020-09-11
293256133,5016374,7867298,2021,110,1800.0,0.0,0.0,2020-10-27,2020-11-05,99,2020-09-25,2020-09-25
293256133,5016374,7867298,2021,110,1800.0,0.0,0.0,2020-10-15,2020-10-22,99,2020-09-13,2020-09-13
293256133,5016374,7867298,2021,110,1800.0,0.0,0.0,2020-10-15,2020-10-23,99,2020-09-14,2020-09-14
293256133,5016374,7867298,2021,110,1800.0,0.0,0.0,2020-10-15,2020-10-22,99,2020-09-14,2020-09-14
293256133,5016374,7867298,2021,110,1800.0,0.0,0.0,2020-08-26,2020-09-14,99,2020-08-19,2020-08-19
293256133,5016374,7867298,2021,110,1800.0,0.0,0.0,2020-08-26,2020-09-15,99,2020-08-24,2020-08-24
293256133,5016374,7867298,2021,110,1800.0,0.0,0.0,2020-10-22,2020-10-30,99,2020-09-21,2020-09-21
293256133,5016374,7867298,2021,110,1800.0,0.0,0.0,2020-09-10,2020-09-15,99,2020-09-02,2020-09-02
293256133,5016374,7867298,2021,110,1800.0,0.0,0.0,2020-09-25,2020-10-14,99,2020-09-07,2020-09-07
293256133,5016374,7867298,2021,110,1800.0,0.0,0.0,2020-09-25,2020-10-16,99,2020-09-10,2020-09-10
293256133,5016374,7867298,2021,110,1800.0,0.0,0.0,2020-08-05,2020-08-31,99,2020-08-02,2020-08-02
293256133,5016374,7867298,2021,110,1800.0,0.0,0.0,2020-08-12,2020-08-31,99,2020-08-05,2020-08-05
293256133,5016374,7867298,2021,110,1800.0,0.0,0.0,2020-10-15,2020-10-22,99,2020-09-12,2020-09-12
293256133,5016374,7867298,2021,110,1800.0,0.0,0.0,2020-08-12,2020-09-03,99,2020-08-08,2020-08-08
293256133,5016374,7867298,2021,110,1800.0,0.0,0.0,2020-08-12,2020-09-03,99,2020-08-09,2020-08-09
293256133,5016374,7867298,2021,110,1800.0,0.0,0.0,2020-08-12,2020-09-03,99,2020-08-10,2020-08-10
293256133,5016374,7867298,2021,110,1800.0,0.0,0.0,2020-07-08,2020-07-27,99,2020-03-23,2020-03-23
293256133,5016374,7867298,2021,110,1800.0,0.0,0.0,2020-07-09,2020-07-23,99,2020-04-11,2020-04-11
293256133,5016374,7867298,2021,110,1800.0,0.0,0.0,2020-09-03,2020-09-14,99,2020-08-26,2020-08-26
293256133,5016374,7867298,2021,110,1800.0,0.0,0.0,2020-07-08,2020-07-20,99,2020-03-07,2020-03-07
293256133,5016374,7867298,2021,110,1800.0,0.0,0.0,2020-07-09,2020-07-23,99,2020-04-17,2020-04-17
293256133,5016374,7867298,2021,110,1800.0,0.0,0.0,2020-07-09,2020-07-28,99,2020-04-23,2020-04-23
293256133,5016374,7867298,2021,110,1800.0,0.0,0.0,2020-07-10,2020-07-28,99,2020-06-12,2020-06-12
293256133,5016374,7867298,2021,110,2022.19,0.0,0.0,2020-07-10,2020-07-31,99,2020-06-29,2020-06-29
293256133,5016374,7867298,2021,110,1800.0,0.0,0.0,2020-08-12,2020-09-03,99,2020-08-06,2020-08-06
294366117,6171620,9031429,2021,110,1800.0,0.0,0.0,2020-10-08,2020-11-20,99,2020-07-13,2020-07-13
296011392,7895471,10759389,2021,110,4500.9,0.0,0.0,2020-08-11,2020-08-24,99,2020-07-24,2020-07-24
296011433,7895527,10759430,2021,110,4500.0,0.0,0.0,2021-02-02,2021-09-03,99,2021-01-26,2021-01-26
296011611,7895728,10759608,2021,110,4500.0,0.0,0.0,2021-05-24,2021-06-07,99,2021-05-16,2021-05-16
296011657,7895774,10759654,2021,110,1800.0,0.0,0.0,2021-06-01,2021-06-15,99,2021-05-24,2021-05-24
289596264,373420,756452,2021,110,1938.0,175.0,363.0,2020-07-16,2020-08-12,99,2020-07-15,2020-07-15
289596390,373570,760880,2021,110,105363.0,0.0,363.0,2020-09-01,2020-10-07,99,2020-08-30,2020-08-30
289596439,373629,762284,2021,110,4863.0,500.0,363.0,2020-11-17,2021-01-12,99,2020-11-17,2020-11-17
289596444,373640,763365,2021,110,4863.0,500.0,363.0,2020-07-14,2020-09-02,99,2020-07-11,2020-07-11
289596478,373687,765340,2021,110,16923.0,0.0,363.0,2020-07-03,2020-08-13,99,2020-07-02,2020-07-02
289596486,373699,765515,2021,110,60363.0,0.0,363.0,2020-09-01,2020-11-24,99,2020-08-21,2020-08-21
289596504,373722,765985,2021,110,5763.0,600.0,363.0,2020-09-18,2020-10-20,99,2020-09-16,2020-09-16
289596512,373730,766372,2021,110,5763.0,0.0,363.0,2020-11-26,2020-12-28,99,2020-11-20,2020-11-20
289596588,373819,768353,2021,110,5763.0,600.0,363.0,2021-04-06,2021-05-03,99,2021-03-26,2021-03-26
289596588,373819,768391,2021,110,5763.0,600.0,363.0,2020-09-25,2020-10-29,99,2020-09-23,2020-09-23
289596633,373873,772772,2021,110,7963.0,0.0,363.0,2020-07-01,2020-07-23,99,2020-06-20,2020-06-20
289596644,373891,776219,2021,110,9363.0,0.0,363.0,2020-08-26,2020-10-07,20,2020-08-25,2020-08-25
289596684,373937,777221,2021,110,2050.5,187.5,363.0,2020-11-27,2021-01-27,99,2020-11-23,2020-11-23
289596684,373937,777281,2021,110,2050.5,187.5,363.0,2021-06-23,2021-07-14,99,2021-06-18,2021-06-18
296011521,7895635,10759518,2021,110,4500.9,0.0,0.0,2021-03-17,2021-03-24,99,2021-03-11,2021-03-11
296011544,7895658,10759541,2021,110,6300.0,0.0,0.0,2020-09-01,2020-09-17,99,2020-08-27,2020-08-27
296011544,7895658,10759541,2021,110,6300.0,0.0,0.0,2020-10-22,2020-11-06,99,2020-10-17,2020-10-17
296011598,7895715,10759595,2021,110,2700.0,0.0,0.0,2021-06-23,2021-09-09,99,2021-06-14,2021-06-14
296011600,7895717,10759597,2021,110,6300.0,0.0,0.0,2021-06-08,2021-06-15,99,2021-05-22,2021-05-22
296011631,7895748,10759628,2021,110,1000.0,0.0,0.0,2021-06-23,,99,2021-06-10,2021-06-10
294498826,6310796,9168606,2021,110,900.0,0.0,0.0,2020-09-29,2020-10-22,99,2020-09-26,2020-09-26
293813519,5608891,8457521,2021,110,4500.0,0.0,0.0,2020-07-31,2020-09-17,99,2020-07-31,2020-07-31
289596318,373488,758519,2021,110,3963.0,400.0,363.0,2020-09-16,2020-10-13,99,2020-09-08,2020-09-08
289596447,373647,763711,2021,110,4863.0,500.0,363.0,2020-12-23,2021-03-03,99,2020-12-19,2020-12-19
289596448,373650,763968,2021,110,4863.0,500.0,363.0,2020-09-17,2020-12-28,99,2020-09-11,2020-09-11
289596478,373687,765344,2021,110,363.0,0.0,363.0,2020-12-24,2021-03-15,99,2020-12-22,2020-12-22
289596595,373830,768449,2021,110,5208.0,0.0,363.0,2021-02-11,2021-03-23,99,2021-02-05,2021-02-05
289596684,373937,777147,2021,110,2050.5,187.5,363.0,2020-09-30,2020-10-26,99,2020-09-28,2020-09-28
289596686,373939,778100,2021,110,498.0,15.0,363.0,2020-08-28,2020-09-28,11,2020-08-28,2020-08-28
289596686,373939,778978,2021,110,948.0,65.0,363.0,2021-03-09,2021-04-28,11,2021-02-28,2021-02-28
289596686,373939,779392,2021,110,2050.5,187.5,363.0,2020-10-09,2020-11-26,99,2020-10-07,2020-10-07
289596687,373940,779584,2021,110,2050.5,187.5,363.0,2020-08-17,2020-09-04,99,2020-08-15,2020-08-15
289596687,373940,779869,2021,110,2050.5,187.5,363.0,2021-01-13,2021-02-22,99,2021-01-09,2021-01-09
289596688,373941,780582,2021,110,2050.5,187.5,363.0,2020-08-17,2020-09-22,11,2020-08-17,2020-08-17
289596688,373941,780658,2021,110,2050.5,187.5,363.0,2020-09-30,2020-10-26,99,2020-09-27,2020-09-27
294366059,6171561,9031371,2021,110,2700.0,0.0,0.0,2020-08-07,2020-08-10,99,2020-08-02,2020-08-02
294366059,6171561,9031371,2021,110,2700.0,0.0,0.0,2020-08-07,2020-08-11,99,2020-08-03,2020-08-03
294366059,6171561,9031371,2021,110,2700.0,0.0,0.0,2020-08-07,2020-08-11,99,2020-08-05,2020-08-05
294367159,6172677,9032471,2021,110,2700.0,0.0,0.0,2020-12-05,2020-12-28,99,2020-12-04,2020-12-04
292969140,4711656,7571338,2021,110,2250.0,0.0,0.0,2019-07-17,2019-07-18,99,2019-02-16,2019-02-16
292969140,4711656,7571338,2021,110,2250.0,0.0,0.0,2019-07-17,2019-07-18,99,2019-02-16,2019-02-16
293256138,5016379,7867303,2021,110,2022.19,0.0,0.0,2020-07-09,2020-07-24,99,2020-05-08,2020-05-08
293256138,5016379,7867303,2021,110,2022.19,0.0,0.0,2020-11-12,2020-12-09,99,2020-10-23,2020-10-23
293256138,5016379,7867303,2021,110,2022.19,0.0,0.0,2020-11-12,2020-12-09,99,2020-10-23,2020-10-23
293256138,5016379,7867303,2021,110,2022.19,0.0,0.0,2020-11-12,2020-12-09,99,2020-10-29,2020-10-29
293256138,5016379,7867303,2021,110,2022.19,0.0,0.0,2020-11-19,2020-12-09,99,2020-11-01,2020-11-01
293256138,5016379,7867303,2021,110,2022.19,0.0,0.0,2020-11-19,2020-12-09,99,2020-11-03,2020-11-03
293256138,5016379,7867303,2021,110,2022.19,0.0,0.0,2020-10-22,2020-11-04,99,2020-09-24,2020-09-24
293256138,5016379,7867303,2021,110,2022.19,0.0,0.0,2020-11-05,2020-12-02,99,2020-10-02,2020-10-02
293256138,5016379,7867303,2021,110,2022.19,0.0,0.0,2020-11-05,2020-12-03,99,2020-10-08,2020-10-08
293256138,5016379,7867303,2021,110,2022.19,0.0,0.0,2020-11-11,2020-12-08,99,2020-10-10,2020-10-10
293256138,5016379,7867303,2021,110,2022.19,0.0,0.0,2020-11-11,2020-12-08,99,2020-10-14,2020-10-14
293256138,5016379,7867303,2021,110,2022.19,0.0,0.0,2020-11-11,2020-12-08,99,2020-10-21,2020-10-21
293256138,5016379,7867303,2021,110,2022.19,0.0,0.0,2020-07-10,2020-07-27,99,2020-06-01,2020-06-01
293256138,5016379,7867303,2021,110,2022.19,0.0,0.0,2020-07-10,2020-07-28,99,2020-06-04,2020-06-04
293256138,5016379,7867303,2021,110,2022.19,0.0,0.0,2020-07-10,2020-07-28,99,2020-06-08,2020-06-08
293256138,5016379,7867303,2021,110,2022.19,0.0,0.0,2020-07-10,2020-07-30,99,2020-06-24,2020-06-24
293256138,5016379,7867303,2021,110,2022.19,0.0,0.0,2020-08-12,2020-08-31,99,2020-08-05,2020-08-05
293256138,5016379,7867303,2021,110,2022.19,0.0,0.0,2020-09-25,2020-10-14,99,2020-09-07,2020-09-07
293256138,5016379,7867303,2021,110,2022.19,0.0,0.0,2020-07-08,2020-07-22,99,2020-03-14,2020-03-14
293256138,5016379,7867303,2021,110,2022.19,0.0,0.0,2020-07-09,2020-07-23,99,2020-04-19,2020-04-19
293256147,5016388,7867312,2021,110,1137.48,0.0,0.0,2020-07-12,2020-08-25,99,2020-07-02,2020-07-02
293256147,5016388,7867312,2021,110,1137.48,0.0,0.0,2020-07-12,2020-08-25,99,2020-07-03,2020-07-03
293256147,5016388,7867312,2021,110,1137.48,0.0,0.0,2020-07-12,2020-08-25,99,2020-07-05,2020-07-05
293256147,5016388,7867312,2021,110,1137.48,0.0,0.0,2020-07-12,2020-08-25,99,2020-07-06,2020-07-06
293256147,5016388,7867312,2021,110,1137.48,0.0,0.0,2020-11-12,2020-12-09,99,2020-10-23,2020-10-23
293256147,5016388,7867312,2021,110,1137.48,0.0,0.0,2020-11-12,2020-12-09,99,2020-10-24,2020-10-24
293256147,5016388,7867312,2021,110,1137.48,0.0,0.0,2020-11-12,2020-12-09,99,2020-10-24,2020-10-24
293256147,5016388,7867312,2021,110,1137.48,0.0,0.0,2020-11-05,2020-12-03,99,2020-10-09,2020-10-09
293256147,5016388,7867312,2021,110,1137.48,0.0,0.0,2020-11-11,2020-12-08,99,2020-10-10,2020-10-10
293256147,5016388,7867312,2021,110,1137.48,0.0,0.0,2020-11-11,2020-12-08,99,2020-10-14,2020-10-14
293256147,5016388,7867312,2021,110,1137.48,0.0,0.0,2020-11-11,2020-12-08,99,2020-10-15,2020-10-15
293256147,5016388,7867312,2021,110,1137.48,0.0,0.0,2020-11-11,2020-12-08,99,2020-10-16,2020-10-16
293256147,5016388,7867312,2021,110,1137.48,0.0,0.0,2020-11-12,2020-12-09,99,2020-10-23,2020-10-23
293256147,5016388,7867312,2021,110,1137.48,0.0,0.0,2020-10-15,2020-10-23,99,2020-09-18,2020-09-18
293256147,5016388,7867312,2021,110,1137.48,0.0,0.0,2020-10-22,2020-10-30,99,2020-09-21,2020-09-21
293256147,5016388,7867312,2021,110,1137.48,0.0,0.0,2020-10-22,2020-11-04,99,2020-09-24,2020-09-24
293256147,5016388,7867312,2021,110,1137.48,0.0,0.0,2020-10-27,2020-11-06,99,2020-09-27,2020-09-27
293256147,5016388,7867312,2021,110,1137.48,0.0,0.0,2020-10-27,2020-11-06,99,2020-09-28,2020-09-28
293256147,5016388,7867312,2021,110,2022.19,0.0,0.0,2020-11-05,2020-12-03,99,2020-10-09,2020-10-09
293256147,5016388,7867312,2021,110,1137.48,0.0,0.0,2020-09-25,2020-10-16,99,2020-09-11,2020-09-11
293256147,5016388,7867312,2021,110,1137.48,0.0,0.0,2020-09-25,2020-10-16,99,2020-09-11,2020-09-11
293256147,5016388,7867312,2021,110,1137.48,0.0,0.0,2020-10-15,2020-10-23,99,2020-09-14,2020-09-14
293256147,5016388,7867312,2021,110,1137.48,0.0,0.0,2020-10-15,2020-10-23,99,2020-09-14,2020-09-14
293256147,5016388,7867312,2021,110,1137.48,0.0,0.0,2020-10-15,2020-10-23,99,2020-09-15,2020-09-15
293256147,5016388,7867312,2021,110,1137.48,0.0,0.0,2020-10-15,2020-10-23,99,2020-09-16,2020-09-16
293256147,5016388,7867312,2021,110,1137.48,0.0,0.0,2020-09-10,2020-09-15,99,2020-09-05,2020-09-05
293256147,5016388,7867312,2021,110,1137.48,0.0,0.0,2020-09-25,2020-10-14,99,2020-09-07,2020-09-07
293256147,5016388,7867312,2021,110,1137.48,0.0,0.0,2020-09-25,2020-10-15,99,2020-09-08,2020-09-08
293256147,5016388,7867312,2021,110,1137.48,0.0,0.0,2020-09-25,2020-10-15,99,2020-09-08,2020-09-08
293256147,5016388,7867312,2021,110,1137.48,0.0,0.0,2020-09-25,2020-10-15,99,2020-09-08,2020-09-08
293256147,5016388,7867312,2021,110,1137.48,0.0,0.0,2020-09-25,2020-10-16,99,2020-09-09,2020-09-09
293256147,5016388,7867312,2021,110,1137.48,0.0,0.0,2020-08-21,2020-09-04,99,2020-08-17,2020-08-17
293256147,5016388,7867312,2021,110,1137.48,0.0,0.0,2020-08-21,2020-09-04,99,2020-08-18,2020-08-18
293256147,5016388,7867312,2021,110,1137.48,0.0,0.0,2020-08-26,2020-09-14,99,2020-08-19,2020-08-19
293256147,5016388,7867312,2021,110,1137.48,0.0,0.0,2020-08-26,2020-09-14,99,2020-08-20,2020-08-20
293256147,5016388,7867312,2021,110,1137.48,0.0,0.0,2020-08-26,2020-09-14,99,2020-08-21,2020-08-21
293256147,5016388,7867312,2021,110,1137.48,0.0,0.0,2020-09-03,2020-09-14,99,2020-08-27,2020-08-27
293256147,5016388,7867312,2021,110,1137.48,0.0,0.0,2020-08-12,2020-09-01,99,2020-08-06,2020-08-06
293256147,5016388,7867312,2021,110,1137.48,0.0,0.0,2020-08-12,2020-09-03,99,2020-08-06,2020-08-06
293256147,5016388,7867312,2021,110,1137.48,0.0,0.0,2020-08-19,2020-09-03,99,2020-08-12,2020-08-12
293256147,5016388,7867312,2021,110,1137.48,0.0,0.0,2020-08-19,2020-09-03,99,2020-08-12,2020-08-12
293256147,5016388,7867312,2021,110,1137.48,0.0,0.0,2020-08-21,2020-09-04,99,2020-08-14,2020-08-14
293256147,5016388,7867312,2021,110,1137.48,0.0,0.0,2020-08-21,2020-09-04,99,2020-08-16,2020-08-16
293256147,5016388,7867312,2021,110,1137.48,0.0,0.0,2020-07-29,2020-08-26,99,2020-07-27,2020-07-27
293256147,5016388,7867312,2021,110,1137.48,0.0,0.0,2020-07-29,2020-08-28,99,2020-07-27,2020-07-27
293256147,5016388,7867312,2021,110,1137.48,0.0,0.0,2020-07-29,2020-08-28,99,2020-07-28,2020-07-28
293256147,5016388,7867312,2021,110,1137.48,0.0,0.0,2020-07-29,2020-08-28,99,2020-07-29,2020-07-29
293256147,5016388,7867312,2021,110,1137.48,0.0,0.0,2020-08-05,2020-08-28,99,2020-07-30,2020-07-30
293256147,5016388,7867312,2021,110,1137.48,0.0,0.0,2020-08-05,2020-08-31,99,2020-08-01,2020-08-01
293256147,5016388,7867312,2021,110,1137.48,0.0,0.0,2020-07-12,2020-08-25,99,2020-07-07,2020-07-07
293256147,5016388,7867312,2021,110,1137.48,0.0,0.0,2020-07-12,2020-08-25,99,2020-07-08,2020-07-08
293256147,5016388,7867312,2021,110,1137.48,0.0,0.0,2020-07-12,2020-08-25,99,2020-07-09,2020-07-09
293256147,5016388,7867312,2021,110,1137.48,0.0,0.0,2020-07-14,2020-08-26,99,2020-07-11,2020-07-11
293256147,5016388,7867312,2021,110,1137.48,0.0,0.0,2020-07-22,2020-08-26,99,2020-07-15,2020-07-15
293256147,5016388,7867312,2021,110,1137.48,0.0,0.0,2020-07-29,2020-08-26,99,2020-07-23,2020-07-23
293256144,5016385,7867309,2021,110,2274.96,0.0,0.0,2020-11-11,2020-12-08,99,2020-10-10,2020-10-10
294367158,6172676,9032470,2021,110,3600.0,0.0,0.0,2020-12-21,2020-12-28,99,2020-12-21,2020-12-21
294367158,6172676,9032470,2021,110,5400.0,0.0,0.0,2021-02-25,2021-02-26,99,2021-02-08,2021-02-08
294367158,6172676,9032470,2021,110,5400.0,0.0,0.0,2021-03-29,2021-03-31,99,2021-03-27,2021-03-27
294367303,6172825,9032615,2021,110,2700.0,0.0,0.0,2021-03-03,2021-03-22,99,2021-02-27,2021-02-27
294367303,6172825,9032615,2021,110,2700.0,0.0,0.0,2021-03-03,2021-03-22,99,2021-03-01,2021-03-01
294367303,6172825,9032615,2021,110,2700.0,0.0,0.0,2020-12-15,2020-12-28,99,2020-12-08,2020-12-08
294367303,6172825,9032615,2021,110,2700.0,0.0,0.0,2020-12-15,2020-12-28,99,2020-12-14,2020-12-14
293813571,5608945,8457573,2021,110,1000.0,0.0,0.0,2021-06-11,,99,2021-06-09,2021-06-09
293901944,5702901,8563999,2021,110,7200.0,0.0,0.0,2021-05-08,2021-05-12,99,2021-05-08,2021-05-08
293901944,5702901,8563999,2021,110,7200.0,0.0,0.0,2021-05-19,2021-05-26,99,2021-05-19,2021-05-19
289596348,373522,759248,2021,110,363.0,0.0,363.0,2020-10-05,2020-10-23,99,2020-10-02,2020-10-02
289596439,373629,762306,2021,110,4863.0,500.0,363.0,2020-07-31,2020-10-16,99,2020-07-29,2020-07-29
289596448,373650,763915,2021,110,4863.0,500.0,363.0,2020-09-11,2020-11-26,99,2020-09-04,2020-09-04
289596474,373683,765218,2021,110,9363.0,0.0,363.0,2020-09-18,2020-10-13,99,2020-09-16,2020-09-16
289596507,373725,766300,2021,110,5763.0,600.0,363.0,2020-09-11,2020-10-05,99,2020-09-03,2020-09-03
289596541,373762,766766,2021,110,8343.0,0.0,363.0,2020-12-07,2021-01-13,99,2020-11-28,2020-11-28
289596563,373785,768054,2021,110,10363.0,0.0,363.0,2020-07-03,2020-08-04,99,2020-07-01,2020-07-01
289596588,373819,768390,2021,110,5763.0,600.0,363.0,2021-05-05,2021-06-04,99,2021-04-28,2021-04-28
289596595,373830,768447,2021,110,5456.0,0.0,363.0,2020-09-23,2020-11-10,99,2020-09-20,2020-09-20
289596684,373937,777256,2021,110,2050.5,187.5,363.0,2020-12-28,2021-01-27,99,2020-12-22,2020-12-22
289596686,373939,778499,2021,110,948.0,65.0,363.0,2021-05-10,2021-06-17,99,2021-05-05,2021-05-05
289596687,373940,780078,2021,110,2050.5,187.5,363.0,2020-12-29,2021-01-27,99,2020-12-27,2020-12-27
289596688,373941,780193,2021,110,2050.5,187.5,363.0,2021-02-02,2021-03-05,99,2021-01-25,2021-01-25
289596688,373941,780439,2021,110,2050.5,187.5,363.0,2020-12-08,2021-01-26,99,2020-12-03,2020-12-03
296011423,7895517,10759420,2021,110,6300.0,0.0,0.0,2021-02-03,2021-02-26,99,2021-02-03,2021-02-03
296011548,7895662,10759545,2021,110,2700.0,0.0,0.0,2020-07-07,2020-07-14,99,2020-06-25,2020-06-25
296011548,7895662,10759545,2021,110,2700.0,0.0,0.0,2020-08-21,2020-09-23,99,2020-08-20,2020-08-20
296011548,7895662,10759545,2021,110,2700.0,0.0,0.0,2021-02-23,2021-03-15,99,2021-02-19,2021-02-19
296011635,7895752,10759632,2021,110,6300.0,0.0,0.0,2021-06-08,2021-06-15,99,2021-05-25,2021-05-25
296011635,7895752,10759632,2021,110,6300.0,0.0,0.0,2021-06-29,2021-08-16,99,2021-05-25,2021-05-25
296011636,7895753,10759633,2021,110,4500.0,0.0,0.0,2021-05-10,2021-05-12,99,2021-05-06,2021-05-06
296011636,7895753,10759633,2021,110,4500.0,0.0,0.0,2021-05-24,2021-06-07,99,2021-05-05,2021-05-05
296011422,7895516,10759419,2021,110,6300.0,0.0,0.0,2021-03-15,2021-03-24,99,2021-03-12,2021-03-12
296011422,7895516,10759419,2021,110,6300.0,0.0,0.0,2020-08-06,2020-08-07,99,2020-08-05,2020-08-05
296011422,7895516,10759419,2021,110,6300.0,0.0,0.0,2020-08-17,2020-08-24,99,2020-08-14,2020-08-14
296011422,7895516,10759419,2021,110,6300.0,0.0,0.0,2021-03-08,2021-03-24,99,2021-03-02,2021-03-02
296011435,7895529,10759432,2021,110,2700.0,0.0,0.0,2021-03-08,2021-03-24,99,2021-03-01,2021-03-01
296011436,7895530,10759433,2021,110,2700.0,0.0,0.0,2020-09-30,2020-10-06,99,2020-09-02,2020-09-02
296011493,7895607,10759490,2021,110,6300.0,0.0,0.0,2021-04-22,2021-04-22,99,2021-02-02,2021-02-02
296011498,7895612,10759495,2021,110,6300.0,0.0,0.0,2021-02-05,2021-03-15,99,2021-01-27,2021-01-27
296011610,7895727,10759607,2021,110,4500.0,0.0,0.0,2021-07-30,2021-09-20,99,2021-06-14,2021-06-14
296011610,7895727,10759607,2021,110,4500.0,0.0,0.0,2021-06-08,2021-06-15,99,2021-06-02,2021-06-02
296011633,7895750,10759630,2021,110,6300.0,0.0,0.0,2021-06-23,2021-08-03,99,2021-06-21,2021-06-21
293256150,5016391,7867315,2021,110,1137.48,0.0,0.0,2020-07-09,2020-07-24,99,2020-04-21,2020-04-21
293256150,5016391,7867315,2021,110,2022.19,0.0,0.0,2020-07-09,2020-07-24,99,2020-05-16,2020-05-16
293256150,5016391,7867315,2021,110,2022.19,0.0,0.0,2020-07-10,2020-07-28,99,2020-06-13,2020-06-13
293256150,5016391,7867315,2021,110,2022.19,0.0,0.0,2020-07-10,2020-07-28,99,2020-06-15,2020-06-15
293256150,5016391,7867315,2021,110,1137.48,0.0,0.0,2020-07-08,2020-07-20,99,2020-03-05,2020-03-05
293256150,5016391,7867315,2021,110,2022.19,0.0,0.0,2020-07-08,2020-07-21,99,2020-03-08,2020-03-08
293256150,5016391,7867315,2021,110,2022.19,0.0,0.0,2020-07-08,2020-07-21,99,2020-03-12,2020-03-12
293256150,5016391,7867315,2021,110,2022.19,0.0,0.0,2020-07-08,2020-07-21,99,2020-03-12,2020-03-12
293256150,5016391,7867315,2021,110,2022.19,0.0,0.0,2020-07-10,2020-07-29,99,2020-06-16,2020-06-16
293256150,5016391,7867315,2021,110,2022.19,0.0,0.0,2020-07-10,2020-07-29,99,2020-06-17,2020-06-17
293256150,5016391,7867315,2021,110,2022.19,0.0,0.0,2020-07-10,2020-07-30,99,2020-06-30,2020-06-30
293256150,5016391,7867315,2021,110,2022.19,0.0,0.0,2020-11-19,2020-12-14,99,2020-11-07,2020-11-07
293256150,5016391,7867315,2021,110,2022.19,0.0,0.0,2020-07-08,2020-07-20,99,2020-02-03,2020-02-03
293256150,5016391,7867315,2021,110,2022.19,0.0,0.0,2020-07-08,2020-07-20,99,2020-03-02,2020-03-02
293256150,5016391,7867315,2021,110,2022.19,0.0,0.0,2020-07-09,2020-07-24,99,2020-05-20,2020-05-20
293256150,5016391,7867315,2021,110,1137.48,0.0,0.0,2020-07-09,2020-07-24,99,2020-05-28,2020-05-28
293256150,5016391,7867315,2021,110,2022.19,0.0,0.0,2020-07-09,2020-07-24,99,2020-05-30,2020-05-30
293256150,5016391,7867315,2021,110,2022.19,0.0,0.0,2020-07-10,2020-07-27,99,2020-06-03,2020-06-03
293256150,5016391,7867315,2021,110,2022.19,0.0,0.0,2020-11-19,2020-12-14,99,2020-11-12,2020-11-12
293256150,5016391,7867315,2021,110,2022.19,0.0,0.0,2020-11-19,2020-12-14,99,2020-11-15,2020-11-15
293256150,5016391,7867315,2021,110,2022.19,0.0,0.0,2020-07-08,2020-07-22,99,2020-03-19,2020-03-19
293256150,5016391,7867315,2021,110,2022.19,0.0,0.0,2020-07-08,2020-07-23,99,2020-03-23,2020-03-23
293256150,5016391,7867315,2021,110,2022.19,0.0,0.0,2020-07-08,2020-07-23,99,2020-03-30,2020-03-30
293256150,5016391,7867315,2021,110,1137.48,0.0,0.0,2020-07-09,2020-07-23,99,2020-04-13,2020-04-13
293256150,5016391,7867315,2021,110,2022.19,0.0,0.0,2020-11-19,2020-12-14,99,2020-11-09,2020-11-09
293256150,5016391,7867315,2021,110,2022.19,0.0,0.0,2020-11-19,2020-12-14,99,2020-11-11,2020-11-11
296011427,7895521,10759424,2021,110,6300.0,0.0,0.0,2020-08-06,2020-08-24,99,2020-08-04,2020-08-04
296011500,7895614,10759497,2021,110,4500.0,0.0,0.0,2020-10-22,2020-11-06,99,2020-08-27,2020-08-27
296011500,7895614,10759497,2021,110,4500.0,0.0,0.0,2021-02-04,2021-02-12,99,2021-01-21,2021-01-21
296011503,7895617,10759500,2021,110,2700.0,0.0,0.0,2020-09-01,2020-09-17,99,2020-08-15,2020-08-15
296011503,7895617,10759500,2021,110,2700.0,0.0,0.0,2020-10-28,2020-11-20,99,2020-09-14,2020-09-14
296011503,7895617,10759500,2021,110,2700.0,0.0,0.0,2020-12-23,2021-01-12,99,2020-11-22,2020-11-22
296011503,7895617,10759500,2021,110,2700.0,0.0,0.0,2020-12-23,2021-01-12,99,2020-12-09,2020-12-09
296011503,7895617,10759500,2021,110,2700.0,0.0,0.0,2021-01-14,2021-02-09,99,2020-12-18,2020-12-18
296011644,7895761,10759641,2021,110,6300.0,0.0,0.0,2021-06-23,2021-08-04,99,2021-06-17,2021-06-17
296011644,7895761,10759641,2021,110,6300.0,0.0,0.0,2021-06-25,2021-09-08,99,2021-06-18,2021-06-18
296011644,7895761,10759641,2021,110,6300.0,0.0,0.0,2021-06-25,2021-09-06,99,2021-06-19,2021-06-19
296011644,7895761,10759641,2021,110,6300.0,0.0,0.0,2021-07-06,2021-09-06,99,2021-06-29,2021-06-29
296011644,7895761,10759641,2021,110,6300.0,0.0,0.0,2021-07-07,2021-09-09,99,2021-06-25,2021-06-25
296011644,7895761,10759641,2021,110,6300.0,0.0,0.0,2021-06-08,2021-06-15,99,2021-06-06,2021-06-06
296011644,7895761,10759641,2021,110,6300.0,0.0,0.0,2021-06-18,2021-06-18,99,2021-06-06,2021-06-06
296162726,22485751,10912445,2021,110,1350.0,0.0,0.0,2020-01-20,2020-02-28,99,2020-01-13,2020-01-13
296162726,22485751,10912445,2021,110,1350.0,0.0,0.0,2020-02-17,2020-06-18,99,2019-12-17,2019-12-17
289596765,374033,786515,2021,110,12963.0,0.0,363.0,2020-09-18,2020-10-21,99,2020-09-12,2020-09-12
289596888,374173,789404,2021,110,363.0,0.0,363.0,2021-04-01,2021-05-20,99,2021-03-10,2021-03-10
289597026,374344,798375,2021,110,363.0,0.0,363.0,2021-04-27,2021-05-03,99,2021-02-16,2021-02-16
289597026,374343,799481,2021,110,363.0,0.0,363.0,2021-03-23,2021-04-05,99,2021-01-12,2021-01-12
289597130,374457,805476,2021,110,23763.0,0.0,363.0,2021-01-06,2021-01-27,99,2021-01-02,2021-01-02
289597136,374463,805905,2021,110,2613.0,250.0,363.0,2021-01-14,2021-03-04,99,2021-01-11,2021-01-11
289597139,374466,806424,2021,110,5313.0,550.0,363.0,2021-06-02,2021-07-02,99,2021-05-28,2021-05-28
289597140,374467,806544,2021,110,1533.0,130.0,363.0,2021-02-24,2021-06-14,99,2021-02-14,2021-02-14
289597339,374691,813865,2021,110,15663.0,0.0,363.0,2021-06-07,2021-06-25,99,2021-05-31,2021-05-31
293666976,5451203,8304429,2021,110,1000.0,0.0,0.0,2021-09-02,,99,2021-04-22,2021-04-22
293666976,5451203,8304429,2021,110,1000.0,0.0,0.0,2021-09-02,,99,2021-06-08,2021-06-08
293666976,5451203,8304429,2021,110,1000.0,0.0,0.0,2021-09-02,,99,2021-06-08,2021-06-08
293054723,4802948,7660613,2021,110,4500.0,0.0,0.0,2021-01-05,2021-02-22,99,2021-01-05,2021-01-05
293054723,4802948,7660613,2021,110,4500.0,0.0,0.0,2020-12-31,2021-02-22,99,2020-12-30,2020-12-30
296011520,7895634,10759517,2021,110,4500.9,0.0,0.0,2020-09-16,2020-10-06,99,2020-09-10,2020-09-10
296011520,7895634,10759517,2021,110,4500.9,0.0,0.0,2021-03-17,2021-03-24,99,2021-03-11,2021-03-11
296011546,7895660,10759543,2021,110,6300.0,0.0,0.0,2021-02-12,2021-02-12,99,2020-12-09,2020-12-09
293666980,5451207,8304433,2021,110,1000.0,0.0,0.0,2021-05-28,,99,2021-05-26,2021-05-26
296135397,8025187,10885082,2021,110,5000.0,0.0,0.0,2021-06-20,,99,2021-06-20,2021-06-20
289596944,374244,790454,2021,110,11703.0,0.0,363.0,2020-11-17,2020-12-18,99,2020-11-08,2020-11-08
289597001,374316,792375,2021,110,22863.0,0.0,363.0,2021-02-11,2021-03-02,99,2021-02-07,2021-02-07
289597026,374344,799314,2021,110,363.0,0.0,363.0,2021-04-27,2021-05-03,99,2021-03-16,2021-03-16
289597141,374468,806836,2021,110,5313.0,550.0,363.0,2021-02-10,2021-06-04,99,2021-02-03,2021-02-03
296060092,7947147,10809586,2021,110,1800.0,0.0,0.0,2021-01-27,2021-02-03,99,2020-11-23,2020-11-23
296060092,7947147,10809586,2021,110,1800.0,0.0,0.0,2021-01-27,2021-02-03,99,2020-11-23,2020-11-23
289596372,373548,760179,2021,110,15088.0,775.0,363.0,2020-10-22,2020-12-04,99,2020-10-10,2020-10-10
289596438,373626,762119,2021,110,4863.0,500.0,363.0,2020-08-12,2020-10-21,99,2020-08-10,2020-08-10
289596441,373633,762720,2021,110,4863.0,500.0,363.0,2020-12-08,2021-02-22,99,2020-12-02,2020-12-02
289596450,373655,764176,2021,110,1713.0,150.0,363.0,2020-10-29,2021-01-18,99,2020-10-25,2020-10-25
289596450,373655,764485,2021,110,2613.0,250.0,363.0,2020-08-26,2020-12-18,11,2020-08-24,2020-08-24
289596578,373807,768275,2021,110,5763.0,600.0,363.0,2021-03-23,2021-04-13,99,2021-03-14,2021-03-14
289596634,373875,773165,2021,110,38363.0,2000.0,363.0,2021-04-01,2021-04-28,99,2021-04-01,2021-04-01
289596643,373890,776216,2021,110,19863.0,0.0,363.0,2021-01-22,2021-03-05,11,2021-01-14,2021-01-14
289596658,373908,776917,2021,110,12363.0,0.0,363.0,2021-01-08,2021-02-11,99,2021-01-05,2021-01-05
289596661,373911,776935,2021,110,14763.0,0.0,363.0,2020-08-05,2020-09-21,99,2020-08-03,2020-08-03
289596664,373914,776940,2021,110,15363.0,0.0,363.0,2021-01-13,2021-03-05,99,2021-01-06,2021-01-06
289596686,373939,778745,2021,110,948.0,65.0,363.0,2021-01-06,2021-02-24,99,2021-01-01,2021-01-01
289596686,373939,778933,2021,110,948.0,65.0,363.0,2020-12-22,2021-01-27,99,2020-12-17,2020-12-17
289596687,373940,780168,2021,110,2050.5,187.5,363.0,2020-10-20,2020-12-09,99,2020-10-14,2020-10-14
289596688,373941,780524,2021,110,2050.5,187.5,363.0,2021-03-08,2021-03-23,99,2021-02-24,2021-02-24
289596443,373638,763012,2021,110,2613.0,250.0,363.0,2020-08-26,2020-10-21,11,2020-08-24,2020-08-24
289596443,373638,763083,2021,110,2613.0,250.0,363.0,2020-07-31,2020-09-28,99,2020-07-29,2020-07-29
289596445,373642,763421,2021,110,4863.0,500.0,363.0,2020-09-01,2020-11-09,99,2020-08-29,2020-08-29
289596472,373681,765167,2021,110,27438.0,1425.0,363.0,2020-11-10,2020-12-08,99,2020-11-04,2020-11-04
289596504,373722,766001,2021,110,5763.0,600.0,363.0,2020-11-26,2021-01-12,99,2020-11-21,2020-11-21
289596588,373819,768319,2021,110,3063.0,300.0,363.0,2020-11-24,2020-12-18,99,2020-11-18,2020-11-18
289596588,373819,768373,2021,110,5763.0,600.0,363.0,2020-10-22,2020-12-02,99,2020-10-21,2020-10-21
289596595,373830,768440,2021,110,9063.0,0.0,363.0,2020-12-24,2021-02-10,99,2020-12-23,2020-12-23
289596654,373902,776423,2021,110,11163.0,0.0,363.0,2020-07-09,2020-08-24,19,2020-07-01,2020-07-01
289596684,373937,777124,2021,110,2050.5,187.5,363.0,2020-12-14,2020-12-29,99,2020-12-03,2020-12-03
289596684,373937,777161,2021,110,2050.5,187.5,363.0,2020-09-03,2020-09-28,99,2020-09-02,2020-09-02
289596684,373937,777357,2021,110,2050.5,187.5,363.0,2021-01-22,2021-02-24,11,2021-01-21,2021-01-21
289596686,373939,779146,2021,110,948.0,65.0,363.0,2021-01-18,2021-02-24,11,2021-01-13,2021-01-13
289596687,373940,779930,2021,110,2050.5,187.5,363.0,2020-12-15,2021-01-27,99,2020-12-08,2020-12-08
289596687,373940,779978,2021,110,2050.5,187.5,363.0,2020-12-23,2021-01-27,99,2020-12-20,2020-12-20
289596688,373941,780759,2021,110,2050.5,187.5,363.0,2021-01-08,2021-02-24,99,2021-01-05,2021-01-05
289596688,373941,780785,2021,110,2050.5,187.5,363.0,2021-05-05,2021-06-15,99,2021-04-28,2021-04-28
289596829,374105,788094,2021,110,81363.0,0.0,363.0,2020-10-01,2020-11-10,99,2020-09-29,2020-09-29
289596838,374116,788326,2021,110,4668.0,0.0,363.0,2021-04-06,2021-05-04,99,2021-03-31,2021-03-31
289596838,374116,788326,2021,110,4668.0,0.0,363.0,2021-04-06,2021-04-26,99,2021-04-01,2021-04-01
289596838,374116,788326,2021,110,4668.0,0.0,363.0,2021-07-15,2021-08-24,99,2021-06-26,2021-06-26
289596838,374116,788326,2021,110,4668.0,0.0,363.0,2021-06-18,2021-07-12,99,2021-06-01,2021-06-01
289596838,374115,788326,2021,110,363.0,0.0,363.0,2020-11-26,2020-12-23,99,2020-11-21,2020-11-21
289596838,374115,788326,2021,110,5173.0,0.0,363.0,2021-02-22,2021-03-17,99,2021-01-07,2021-01-07
289596838,374115,788326,2021,110,4668.0,0.0,363.0,2021-02-22,2021-03-15,99,2021-02-10,2021-02-10
289596838,374115,788326,2021,110,4668.0,0.0,363.0,2021-03-24,2021-04-16,99,2021-03-22,2021-03-22
289596838,374115,788326,2021,110,4668.0,0.0,363.0,2021-03-24,2021-04-13,99,2021-03-16,2021-03-16
289596838,374115,788326,2021,110,4668.0,0.0,363.0,2021-02-05,2021-03-05,99,2021-02-01,2021-02-01
289596838,374115,788326,2021,110,5173.0,0.0,363.0,2021-02-05,2021-03-05,99,2021-01-29,2021-01-29
289596838,374115,788326,2021,110,363.0,0.0,363.0,2020-12-03,2021-01-06,99,2020-11-26,2020-11-26
289596838,374115,788326,2021,110,4668.0,0.0,363.0,2021-03-24,2021-04-16,99,2021-03-07,2021-03-07
289596838,374115,788326,2021,110,363.0,0.0,363.0,2020-11-17,2020-12-23,99,2020-11-08,2020-11-08
289596838,374115,788326,2021,110,4668.0,0.0,363.0,2021-03-24,2021-04-13,99,2021-03-14,2021-03-14
289596838,374115,788326,2021,110,363.0,0.0,363.0,2020-11-17,2020-12-23,99,2020-11-10,2020-11-10
289596838,374115,788326,2021,110,4668.0,0.0,363.0,2021-01-26,2021-03-01,99,2021-01-18,2021-01-18
289596838,374115,788326,2021,110,4668.0,0.0,363.0,2021-02-22,2021-03-15,99,2021-02-13,2021-02-13
289596838,374115,788326,2021,110,363.0,0.0,363.0,2020-10-22,2020-12-22,99,2020-10-22,2020-10-22
289596838,374115,788326,2021,110,363.0,0.0,363.0,2020-12-15,2021-01-06,99,2020-12-08,2020-12-08
289596838,374115,788326,2021,110,363.0,0.0,363.0,2020-11-05,2020-12-23,99,2020-10-22,2020-10-22
289596838,374115,788326,2021,110,3163.0,0.0,363.0,2021-05-21,2021-06-17,99,2021-05-02,2021-05-02
289596838,374115,788326,2021,110,4668.0,0.0,363.0,2021-03-24,2021-04-16,99,2021-03-07,2021-03-07
289596838,374116,788326,2021,110,4668.0,0.0,363.0,2021-06-18,2021-08-02,99,2021-06-11,2021-06-11
289596838,374116,788326,2021,110,4668.0,0.0,363.0,2021-05-26,2021-06-24,99,2021-05-07,2021-05-07
289596838,374116,788326,2021,110,4668.0,0.0,363.0,2021-05-31,2021-07-16,99,2021-05-21,2021-05-21
289596838,374116,788326,2021,110,4668.0,0.0,363.0,2021-05-26,2021-07-01,99,2021-05-13,2021-05-13
289596838,374116,788326,2021,110,4668.0,0.0,363.0,2021-06-18,2021-07-15,99,2021-06-01,2021-06-01
289596838,374116,788326,2021,110,4668.0,0.0,363.0,2021-05-26,2021-07-01,99,2021-05-19,2021-05-19
289596838,374116,788326,2021,110,4668.0,0.0,363.0,2021-04-01,2021-04-26,99,2021-03-23,2021-03-23
289596838,374116,788326,2021,110,4668.0,0.0,363.0,2021-05-07,2021-06-01,99,2021-04-28,2021-04-28
289596838,374116,788326,2021,110,4668.0,0.0,363.0,2021-06-18,2021-07-15,99,2021-06-07,2021-06-07
289596838,374116,788326,2021,110,4668.0,0.0,363.0,2021-04-30,2021-05-24,99,2021-04-25,2021-04-25
289596838,374116,788326,2021,110,4668.0,0.0,363.0,2021-07-15,2021-08-24,99,2021-06-22,2021-06-22
289596838,374116,788326,2021,110,4668.0,0.0,363.0,2021-06-18,2021-07-12,99,2021-06-11,2021-06-11
289596838,374116,788326,2021,110,4668.0,0.0,363.0,2021-05-07,2021-06-01,99,2021-04-28,2021-04-28
289596838,374116,788326,2021,110,4668.0,0.0,363.0,2021-06-14,2021-07-01,99,2021-06-02,2021-06-02
289596838,374116,788326,2021,110,4668.0,0.0,363.0,2021-05-31,2021-07-01,99,2021-05-19,2021-05-19
289596838,374116,788326,2021,110,4668.0,0.0,363.0,2021-05-31,2021-07-01,99,2021-05-28,2021-05-28
289596838,374116,788326,2021,110,4668.0,0.0,363.0,2021-05-27,2021-07-01,99,2021-05-23,2021-05-23
289596838,374116,788326,2021,110,4668.0,0.0,363.0,2021-05-28,2021-07-01,99,2021-05-24,2021-05-24
289596838,374116,788326,2021,110,4668.0,0.0,363.0,2021-05-28,2021-07-01,99,2021-05-18,2021-05-18
289596838,374116,788326,2021,110,4668.0,0.0,363.0,2021-05-26,2021-07-01,99,2021-05-20,2021-05-20
289597026,374343,799234,2021,110,363.0,0.0,363.0,2021-03-23,2021-04-05,99,2021-01-13,2021-01-13
289597150,374478,808189,2021,110,363.0,0.0,363.0,2021-04-30,2021-06-01,20,2021-04-23,2021-04-23
296011364,22485731,10759361,2021,110,4500.0,0.0,0.0,2020-02-17,2020-02-27,99,2020-02-14,2020-02-14
296011451,7895553,10759448,2021,110,4500.9,0.0,0.0,2020-08-12,2020-08-24,99,2020-08-10,2020-08-10
296011451,7895553,10759448,2021,110,4500.9,0.0,0.0,2020-10-22,2020-11-18,99,2020-10-18,2020-10-18
296011451,7895553,10759448,2021,110,4500.9,0.0,0.0,2020-12-28,2021-01-12,99,2020-12-23,2020-12-23
296011451,7895553,10759448,2021,110,4500.9,0.0,0.0,2021-04-22,2021-04-22,99,2021-03-13,2021-03-13
296011451,7895553,10759448,2021,110,4500.9,0.0,0.0,2020-07-15,2020-07-31,99,2020-07-10,2020-07-10
296011451,7895553,10759448,2021,110,4500.9,0.0,0.0,2020-08-04,2020-08-21,99,2020-08-03,2020-08-03
296011499,7895613,10759496,2021,110,6300.0,0.0,0.0,2021-01-05,2021-01-29,99,2020-10-17,2020-10-17
296011499,7895613,10759496,2021,110,6300.0,0.0,0.0,2020-08-21,2020-08-25,99,2020-07-27,2020-07-27
296011543,7895657,10759540,2021,110,2700.0,0.0,0.0,2021-06-10,2021-08-11,99,2021-06-09,2021-06-09
296011643,7895760,10759640,2021,110,2700.0,0.0,0.0,2021-06-23,2021-09-15,99,2021-06-13,2021-06-13
296011643,7895760,10759640,2021,110,2700.0,0.0,0.0,2021-06-23,2021-08-03,99,2021-06-14,2021-06-14
296011643,7895760,10759640,2021,110,3000.0,0.0,0.0,2021-07-06,,99,2021-06-28,2021-06-28
296011643,7895760,10759640,2021,110,2700.0,0.0,0.0,2021-06-01,2021-06-18,99,2021-05-29,2021-05-29
296011418,7895512,10759415,2021,110,1800.0,0.0,0.0,2021-02-02,2021-03-25,99,2021-01-21,2021-01-21
296011419,7895513,10759416,2021,110,2700.0,0.0,0.0,2020-10-14,2020-12-16,99,2020-10-10,2020-10-10
296011428,7895522,10759425,2021,110,6300.0,0.0,0.0,2020-09-09,2020-09-23,99,2020-09-08,2020-09-08
296011449,7895551,10759446,2021,110,1800.9,0.0,0.0,2020-10-22,2020-11-18,99,2020-09-10,2020-09-10
296011456,7895558,10759453,2021,110,2250.9,0.0,0.0,2021-02-25,2021-02-25,99,2021-01-18,2021-01-18
296011456,7895558,10759453,2021,110,2700.9,0.0,0.0,2020-07-10,2020-08-10,99,2020-06-13,2020-06-13
296011456,7895558,10759453,2021,110,2700.9,0.0,0.0,2020-09-01,2020-09-23,99,2020-08-30,2020-08-30
296011459,7895561,10759456,2021,110,450.0,0.0,0.0,2021-01-27,2021-02-12,99,2021-01-18,2021-01-18
296011508,7895622,10759505,2021,110,1800.0,0.0,0.0,2021-05-10,2021-06-16,99,2021-04-21,2021-04-21
296011605,7895722,10759602,2021,110,6300.0,0.0,0.0,2021-05-24,2021-06-08,99,2021-05-14,2021-05-14
296011608,7895725,10759605,2021,110,6300.0,0.0,0.0,2021-04-26,2021-05-13,99,2021-04-21,2021-04-21
296011608,7895725,10759605,2021,110,6300.0,0.0,0.0,2021-04-27,2021-05-14,99,2021-04-24,2021-04-24
296011608,7895725,10759605,2021,110,6300.0,0.0,0.0,2021-05-10,2021-05-13,99,2021-04-29,2021-04-29
289596869,374152,788864,2021,110,16363.0,0.0,363.0,2020-10-14,2020-10-28,99,2020-09-27,2020-09-27
289597146,374473,807994,2021,110,5313.0,550.0,363.0,2021-02-05,2021-06-04,99,2021-01-29,2021-01-29
289597462,374821,822509,2021,110,3404.1,160.06,363.0,2021-06-29,2021-08-04,99,2021-06-10,2021-06-10
289596688,373941,780773,2021,110,2050.5,187.5,363.0,2021-01-21,2021-02-22,11,2021-01-20,2021-01-20
289596726,373985,781751,2021,110,21363.0,0.0,363.0,2020-08-31,2020-10-01,99,2020-08-28,2020-08-28
289596738,373998,783090,2021,110,12363.0,0.0,363.0,2020-09-11,2020-10-08,99,2020-09-05,2020-09-05
296175638,8067798,10925357,2021,110,1620.0,0.0,0.0,2021-03-04,2021-03-30,99,2021-02-28,2021-02-28
289596433,373620,761975,2021,110,363.0,0.0,363.0,2020-11-16,2021-01-14,99,2020-11-10,2020-11-10
289596438,373626,761988,2021,110,4863.0,500.0,363.0,2020-07-28,2020-09-11,99,2020-07-26,2020-07-26
289596446,373645,763581,2021,110,4863.0,500.0,363.0,2020-11-16,2021-01-22,99,2020-11-03,2020-11-03
289596453,373660,764579,2021,110,6963.0,0.0,363.0,2020-10-29,2020-12-11,20,2020-10-27,2020-10-27
289596474,373683,765186,2021,110,8913.0,0.0,363.0,2021-03-02,2021-04-05,99,2021-02-19,2021-02-19
289596478,373687,765339,2021,110,15123.0,0.0,363.0,2020-09-18,2020-10-16,99,2020-09-18,2020-09-18
289596555,373777,767209,2021,110,7196.33,0.0,363.0,2021-04-05,2021-04-22,99,2021-03-27,2021-03-27
289596564,373790,768064,2021,110,9363.0,0.0,363.0,2021-01-06,2021-03-08,99,2021-01-04,2021-01-04
289596578,373807,768212,2021,110,3063.0,300.0,363.0,2020-08-20,2020-09-24,11,2020-08-20,2020-08-20
289596578,373807,768289,2021,110,5763.0,600.0,363.0,2021-04-14,2021-06-04,99,2021-04-13,2021-04-13
289596588,373819,768318,2021,110,363.0,0.0,363.0,2020-08-03,2020-09-03,99,2020-08-01,2020-08-01
289596588,373819,768371,2021,110,5763.0,600.0,363.0,2021-03-08,2021-04-05,99,2021-01-22,2021-01-22
289596588,373819,768389,2021,110,5763.0,600.0,363.0,2020-11-30,2021-01-19,99,2020-11-29,2020-11-29
289596603,373838,768628,2021,110,30363.0,0.0,363.0,2020-07-09,2020-07-27,99,2020-07-08,2020-07-08
289596684,373937,777332,2021,110,2050.5,187.5,363.0,2021-05-20,2021-06-28,99,2021-05-14,2021-05-14
289596686,373939,779314,2021,110,2050.5,187.5,363.0,2021-02-24,2021-03-17,99,2021-02-13,2021-02-13
289596687,373940,779582,2021,110,2050.5,187.5,363.0,2021-01-18,2021-02-22,99,2021-01-13,2021-01-13
289596687,373940,779591,2021,110,2050.5,187.5,363.0,2020-08-17,2020-09-10,11,2020-08-15,2020-08-15
289596687,373940,779599,2021,110,2050.5,187.5,363.0,2020-08-19,2020-09-22,11,2020-08-18,2020-08-18
289596688,373941,780640,2021,110,2050.5,187.5,363.0,2020-10-30,2020-11-23,11,2020-10-30,2020-10-30
289596689,373942,780847,2021,110,10363.0,0.0,363.0,2020-10-28,2020-11-20,99,2020-10-23,2020-10-23
289596690,373943,780848,2021,110,8763.0,0.0,363.0,2020-09-15,2020-10-20,99,2020-08-05,2020-08-05
296011424,7895518,10759421,2021,110,6300.0,0.0,0.0,2020-10-22,2020-11-06,99,2020-10-21,2020-10-21
296011438,7895532,10759435,2021,110,1800.0,0.0,0.0,2020-09-16,2020-10-06,99,2020-09-12,2020-09-12
296011522,7895636,10759519,2021,110,4500.9,0.0,0.0,2020-07-20,2020-08-04,99,2020-06-15,2020-06-15
296011522,7895636,10759519,2021,110,4500.9,0.0,0.0,2020-12-09,2021-01-12,99,2020-12-07,2020-12-07
296011522,7895636,10759519,2021,110,4500.9,0.0,0.0,2021-05-03,2021-05-11,99,2021-04-21,2021-04-21
296011524,7895638,10759521,2021,110,2700.9,0.0,0.0,2021-01-28,2021-02-12,99,2021-01-23,2021-01-23
296011547,7895661,10759544,2021,110,4500.0,0.0,0.0,2020-09-11,2020-09-17,99,2020-09-01,2020-09-01
296011547,7895661,10759544,2021,110,4500.0,0.0,0.0,2020-08-04,2020-08-21,99,2020-07-27,2020-07-27
296011547,7895661,10759544,2021,110,4500.0,0.0,0.0,2020-09-01,2020-09-17,99,2020-08-27,2020-08-27
289596318,373488,758572,2021,110,3063.0,300.0,363.0,2020-07-17,2020-07-24,11,2020-07-12,2020-07-12
289596446,373645,763641,2021,110,4863.0,500.0,363.0,2020-08-26,2020-11-09,11,2020-08-25,2020-08-25
289596448,373650,763942,2021,110,4863.0,500.0,363.0,2020-09-15,2021-01-04,99,2020-09-06,2020-09-06
289596486,373699,765496,2021,110,363.0,0.0,363.0,2020-07-07,2020-08-18,99,2020-07-05,2020-07-05
289596486,373699,765520,2021,110,40000.0,0.0,0.0,2020-07-14,2020-10-26,99,2020-07-09,2020-07-09
289596504,373722,766008,2021,110,5763.0,600.0,363.0,2020-07-01,2020-08-03,99,2020-06-27,2020-06-27
289596588,373819,768370,2021,110,5763.0,600.0,363.0,2021-03-23,2021-04-13,99,2021-03-15,2021-03-15
289596684,373937,777140,2021,110,2050.5,187.5,363.0,2021-05-31,2021-06-28,99,2021-05-26,2021-05-26
289596684,373937,777152,2021,110,2050.5,187.5,363.0,2020-12-08,2021-01-19,99,2020-12-05,2020-12-05
289596684,373937,777285,2021,110,2050.5,187.5,363.0,2020-07-29,2020-08-25,11,2020-07-24,2020-07-24
289596684,373937,777378,2021,110,2050.5,187.5,363.0,2020-12-16,2021-01-27,99,2020-12-10,2020-12-10
289596684,373937,777422,2021,110,2050.5,187.5,363.0,2020-10-22,2020-11-23,99,2020-10-17,2020-10-17
289596688,373941,780516,2021,110,2050.5,187.5,363.0,2021-04-23,2021-06-04,99,2021-04-22,2021-04-22
289596688,373941,780525,2021,110,2050.5,187.5,363.0,2021-01-06,2021-02-22,99,2021-01-01,2021-01-01
289596688,373941,780622,2021,110,2050.5,187.5,363.0,2020-09-11,2020-10-05,99,2020-09-05,2020-09-05
289596688,373941,780763,2021,110,2050.5,187.5,363.0,2020-11-26,2020-12-18,99,2020-11-20,2020-11-20
289596688,373941,780828,2021,110,2050.5,187.5,363.0,2020-12-03,2021-01-27,99,2020-11-30,2020-11-30
289596777,374047,787120,2021,110,13863.0,0.0,363.0,2020-09-23,2020-10-13,99,2020-09-18,2020-09-18
289596806,374079,787461,2021,110,363.0,0.0,363.0,2020-09-30,2020-12-18,99,2020-09-14,2020-09-14
289596954,374256,790689,2021,110,7113.0,750.0,363.0,2021-03-26,2021-04-08,99,2021-03-19,2021-03-19
289597001,374315,792357,2021,110,22863.0,0.0,363.0,2021-02-10,2021-03-02,20,2021-02-02,2021-02-02
289597007,374322,793762,2021,110,363.0,0.0,363.0,2020-11-19,2021-01-12,99,2020-11-01,2020-11-01
289597007,374322,793795,2021,110,12363.0,0.0,363.0,2020-11-19,2021-01-08,99,2020-10-20,2020-10-20
289597026,374344,798232,2021,110,363.0,0.0,363.0,2021-04-27,2021-05-03,99,2021-01-24,2021-01-24
289597026,374343,798386,2021,110,363.0,0.0,363.0,2021-04-01,2021-06-04,99,2021-03-22,2021-03-22
289597087,374409,804692,2021,110,21363.0,0.0,363.0,2020-12-16,2021-01-14,99,2020-12-11,2020-12-11
289597145,374472,807821,2021,110,5313.0,550.0,363.0,2021-05-26,2021-07-05,99,2021-05-20,2021-05-20
289597290,374637,810558,2021,110,14763.0,0.0,363.0,2021-05-31,2021-07-01,17,2021-05-24,2021-05-24
289597442,374800,819212,2021,110,43863.0,0.0,363.0,2021-06-17,2021-07-08,99,2021-06-11,2021-06-11
293666929,5451154,8304374,2021,110,1800.0,0.0,0.0,2020-09-18,2021-01-18,99,2020-08-22,2020-08-22
293666929,5451154,8304374,2021,110,1800.0,0.0,0.0,2020-11-04,2020-12-28,99,2020-10-13,2020-10-13
293666929,5451154,8304374,2021,110,1800.0,0.0,0.0,2020-11-24,2021-01-18,99,2020-10-24,2020-10-24
293666929,5451154,8304374,2021,110,1800.0,0.0,0.0,2020-11-24,2021-01-11,99,2020-11-14,2020-11-14
293666929,5451154,8304374,2021,110,1800.0,0.0,0.0,2020-11-24,2021-01-18,99,2020-11-14,2020-11-14
289596757,374019,786428,2021,110,54943.0,0.0,363.0,2020-12-17,2021-02-12,99,2020-12-11,2020-12-11
289596796,374069,787260,2021,110,21363.0,0.0,363.0,2020-10-14,2020-11-10,99,2020-09-30,2020-09-30
289596838,374116,788325,2021,110,3163.0,0.0,363.0,2021-04-01,2021-04-22,99,2021-03-25,2021-03-25
289596838,374116,788325,2021,110,4668.0,0.0,363.0,2021-05-21,2021-06-17,99,2021-05-06,2021-05-06
289596838,374115,788325,2021,110,3163.0,0.0,363.0,2020-12-23,2021-01-19,99,2020-12-04,2020-12-04
289596838,374115,788325,2021,110,4668.0,0.0,363.0,2021-03-09,2021-04-01,99,2021-02-25,2021-02-25
289596838,374115,788325,2021,110,363.0,0.0,363.0,2020-10-28,2020-12-22,99,2020-10-28,2020-10-28
289596838,374115,788325,2021,110,3163.0,0.0,363.0,2021-03-12,2021-04-01,11,2021-03-02,2021-03-02
289596838,374115,788325,2021,110,3163.0,0.0,363.0,2020-12-23,2021-01-19,99,2020-12-11,2020-12-11
289596838,374115,788325,2021,110,363.0,0.0,363.0,2020-10-28,2020-12-23,99,2020-10-28,2020-10-28
289596838,374115,788325,2021,110,3163.0,0.0,363.0,2021-02-22,2021-03-15,99,2021-02-18,2021-02-18
289596838,374115,788325,2021,110,363.0,0.0,363.0,2020-10-28,2020-12-22,99,2020-10-28,2020-10-28
289596838,374115,788325,2021,110,363.0,0.0,363.0,2020-10-27,2020-12-23,99,2020-10-26,2020-10-26
289596838,374115,788325,2021,110,363.0,0.0,363.0,2020-10-27,2020-12-22,99,2020-10-26,2020-10-26
289597105,374430,805042,2021,110,8363.0,0.0,363.0,2021-01-15,2021-02-24,99,2021-01-06,2021-01-06
289597135,374462,805657,2021,110,5313.0,550.0,363.0,2021-03-10,2021-06-04,99,2021-03-08,2021-03-08
289597136,374463,805957,2021,110,2613.0,250.0,363.0,2021-01-14,2021-04-14,99,2021-01-11,2021-01-11
289597141,374468,806905,2021,110,5313.0,550.0,363.0,2021-06-18,2021-07-14,99,2021-06-14,2021-06-14
289597143,374470,807476,2021,110,5313.0,550.0,363.0,2021-02-11,2021-06-04,99,2021-02-05,2021-02-05
289597145,374472,807824,2021,110,5313.0,550.0,363.0,2021-01-18,2021-04-14,99,2021-01-16,2021-01-16
289597146,374473,807977,2021,110,5313.0,550.0,363.0,2021-03-09,2021-06-04,99,2021-03-01,2021-03-01
289597281,374628,810527,2021,110,13863.0,0.0,363.0,2021-04-27,2021-06-15,99,2021-04-23,2021-04-23
289597440,374798,819048,2021,110,30288.0,1575.0,363.0,2021-06-18,2021-07-08,99,2021-06-11,2021-06-11
296128920,8018572,10878605,2021,110,1000.0,0.0,0.0,2021-09-22,,99,2021-06-20,2021-06-20
296162723,8054637,10912442,2021,110,1350.0,0.0,0.0,2020-08-07,2020-08-07,99,2020-01-27,2020-01-27
289596254,373408,752941,2021,110,1938.0,175.0,363.0,2020-07-06,2020-08-11,11,2020-07-04,2020-07-04
289596439,373629,762137,2021,110,2613.0,250.0,363.0,2020-07-22,2020-10-08,99,2020-07-21,2020-07-21
289596443,373638,762984,2021,110,2613.0,250.0,363.0,2020-12-17,2021-01-19,99,2020-12-14,2020-12-14
289596444,373640,763358,2021,110,4863.0,500.0,363.0,2020-08-10,2020-10-21,99,2020-08-09,2020-08-09
289596474,373683,765227,2021,110,8913.0,0.0,363.0,2021-02-05,2021-03-02,99,2021-01-27,2021-01-27
289596506,373724,766212,2021,110,5763.0,600.0,363.0,2020-08-25,2020-09-22,99,2020-08-22,2020-08-22
289596578,373807,768277,2021,110,363.0,0.0,363.0,2021-04-06,2021-05-13,99,2021-04-05,2021-04-05
289596588,373819,768411,2021,110,363.0,0.0,363.0,2020-08-28,2020-09-24,99,2020-08-22,2020-08-22
289596609,373844,768663,2021,110,51363.0,0.0,363.0,2021-01-18,2021-03-19,99,2021-01-17,2021-01-17
289596619,373858,768860,2021,110,8913.0,0.0,363.0,2021-02-05,2021-03-08,99,2021-01-28,2021-01-28
289596684,373937,777453,2021,110,2050.5,187.5,363.0,2020-08-11,2020-10-16,99,2020-08-10,2020-08-10
289596688,373941,780290,2021,110,2050.5,187.5,363.0,2020-11-17,2021-03-11,99,2020-11-16,2020-11-16
289596688,373941,780340,2021,110,2050.5,187.5,363.0,2020-11-23,2020-11-26,99,2020-10-06,2020-10-06
289596688,373941,780505,2021,110,2050.5,187.5,363.0,2021-02-11,2021-03-17,99,2021-02-11,2021-02-11
289596688,373941,780813,2021,110,2050.5,187.5,363.0,2020-10-14,2020-11-26,99,2020-10-09,2020-10-09
289596688,373941,780820,2021,110,2050.5,187.5,363.0,2021-03-18,2021-04-28,99,2021-03-15,2021-03-15
289596706,373959,781356,2021,110,363.0,0.0,363.0,2020-08-26,2020-10-01,17,2020-08-23,2020-08-23
289596707,373966,781373,2021,110,135363.0,15000.0,363.0,2021-04-09,2021-04-28,99,2021-04-07,2021-04-07
289596718,373977,781410,2021,110,15363.0,0.0,363.0,2021-01-08,2021-02-12,99,2021-01-06,2021-01-06
289596738,373998,782728,2021,110,10363.0,0.0,363.0,2020-08-31,2020-10-06,11,2020-08-23,2020-08-23
289596764,374028,786445,2021,110,208263.0,23100.0,363.0,2020-11-17,2020-12-28,99,2020-11-13,2020-11-13
289596888,374173,789401,2021,110,8363.0,0.0,363.0,2020-11-26,2021-01-18,99,2020-11-25,2020-11-25
289596918,374214,789965,2021,110,363.0,0.0,363.0,2021-03-16,2021-06-16,99,2021-03-10,2021-03-10
289596962,374266,790767,2021,110,363.0,0.0,363.0,2020-11-10,2020-12-08,99,2020-10-26,2020-10-26
289596969,374275,790870,2021,110,14043.0,720.0,363.0,2020-11-26,2020-12-17,99,2020-11-19,2020-11-19
289597009,374324,793984,2021,999,13638.0,0.0,363.0,2021-01-19,2021-03-11,99,2021-01-13,2021-01-13
289597009,374324,793989,2021,110,363.0,0.0,363.0,2021-02-02,2021-03-01,99,2021-01-18,2021-01-18
289597057,374378,803849,2021,110,11463.0,0.0,363.0,2020-12-04,2020-12-29,99,2020-12-01,2020-12-01
289597142,374469,807031,2021,110,1533.0,130.0,363.0,2021-02-02,2021-06-04,99,2021-01-23,2021-01-23
289597253,374598,810098,2021,110,4863.0,0.0,363.0,2021-04-07,2021-05-03,99,2021-03-24,2021-03-24
289597405,374763,817523,2021,110,13863.0,0.0,363.0,2021-06-16,2021-08-04,99,2021-05-26,2021-05-26
296135415,8025205,10885100,2021,110,1000.0,0.0,0.0,2021-06-04,,99,2021-06-03,2021-06-03
289596688,373941,780825,2021,110,2050.5,187.5,363.0,2020-09-17,2020-10-15,99,2020-09-10,2020-09-10
289596738,373998,782858,2021,110,363.0,0.0,363.0,2020-09-18,2020-11-03,99,2020-09-15,2020-09-15
